id,name
1,Matti Pellonpää
2,Kati Outinen
3,Sakari Kuosmanen
4,Esko Nikkari
5,Pekka Laiho
6,Amanda de Cadenet
7,Paul Calderon
8,Tamlyn Tomita
9,David Proval
10,Alicia Witt
11,Ione Skye
12,Lawrence Bender
13,Lili Taylor
14,Valeria Golino
15,Bruce Willis
16,Quentin Tarantino
17,Salma Hayek
18,Marisa Tomei
19,Madonna
20,Jennifer Beals
21,Antonio Banderas
22,Tim Roth
23,Sammi Davis
24,Patricia Vonne
25,Kathy Griffin
26,Denis Leary
27,Emilio Estevez
28,Cuba Gooding Jr.
29,Jeremy Piven
30,Peter Greene
31,Michael DeLorenzo
32,Michael Wiseman
33,Eugene Williams
34,Christine Harnos
35,Galyn Görg
36,Angela Alvarado
37,Stephen Dorff
38,Al Lampert
39,Tiffany L. Kurtz
40,Alfie Curtis
41,Maria De Aragon
42,Colin Michael Kitchens
43,Peter Diamond
44,Warwick Diamond
45,Harry Fielder
46,Ted Gagliano
47,Salo Gardner
48,Steve Gawley
49,Rusty Goffe
50,Nelson Hall
51,Reg Harding
52,Frank Henson
53,Christine Hewett
54,Arthur Howell
55,Joe Johnston
56,Melissa Kurtz
57,Frazer Diamond
58,Pam Rose
59,Derek Lyons
60,Carrie Fisher
61,Mark Hamill
62,Fred Wood
63,Bill Weston
64,Harold Weed
65,Larry Ward
66,Hal Wamsley
67,Jerry Walter
68,Morgan Upton
69,Burnell Tucker
70,Phil Tippett
71,Malcolm Tierney
72,Tom Sylla
73,John Sylla
74,Peter Sumner
75,Roy Straite
76,Angela Staines
77,George Roubicek
78,Tim Condren
79,Shane Rimmer
80,Marcus Powell
81,Lorne Peterson
82,Mandy Morton
83,Geoffrey Moon
84,Grant McCune
85,Rick McCallum
86,Alf Mangan
87,Anthony Lang
88,Gilda Cohen
89,Harrison Ford
90,Ted Burnett
91,Anthony Daniels
92,Kenny Baker
93,Peter Mayhew
94,David Prowse
95,James Earl Jones
96,Phil Brown
97,Shelagh Fraser
98,Jack Purvis
99,Eddie Byrne
100,William Hootkins
101,Denis Lawson
102,Don Henderson
103,Leslie Schofield
104,John Chapman
105,Richard LeParmentier
106,Alex McCrindle
107,Mark Austin
108,David Ankrum
109,Graham Ashley
110,Angus MacInnes
111,Garrick Hagon
112,Peter Cushing
113,Drewe Henley
114,Paul Blake
115,Doug Beswick
116,Jon Berg
117,Lightning Bear
118,Scott Beach
119,Austin Pendleton
120,Elizabeth Perkins
121,Andrew Stanton
122,Geoffrey Rush
123,Joe Ranft
124,Vicki Lewis
125,Stephen Root
126,Willem Dafoe
127,Brad Garrett
128,Nicholas Bird
129,Alexander Gould
130,Ellen DeGeneres
131,Albert Brooks
132,Allison Janney
133,Bob Peterson
134,Bill Hunter
135,Eric Bana
136,Bruce Spence
137,Erica Beck
138,Erik Per Sullivan
139,Barry Humphries
140,Sally Field
141,Michael Conner Humphreys
142,Hanna Hall
143,Haley Joel Osment
144,Siobhan Fallon
145,Afemo Omilami
146,Sonny Shroyer
147,George Kelly
148,Dick Cavett
149,Geoffrey Blake
150,Michael Jace
151,John William Galt
152,Stephen Bridgewater
153,Peter Dobson
154,Gary Sinise
155,Margo Moorer
156,Tom Hanks
157,David Brisbin
158,Kirk Ward
159,Robb Skyler
160,Jacqueline Lovell
161,Al Harrington
162,Aaron Michael Lacey
163,Robin Wright
164,Zach Hanner
165,Timothy McNeil
166,Michael Mattison
167,Joe Alaskey
168,Daniel C. Striepeke
169,Brett Rice
170,Christopher Jones
171,Bob Penny
172,Byron Minns
173,Sam Anderson
174,Emily Zachary
175,Tom Miller
176,David C. Fisher
177,Elaine Corral Kendall
178,Chekesha Van Putten
179,John Cho
180,Nancy Anderson
181,Ara Celi
182,Sue Casey
183,Brenda Wehle
184,Amber Smith
185,Chris Cooper
186,Barry Del Sherman
187,Carolina Lancaster
188,Sam Robards
189,Peter Gallagher
190,Scott Bakula
191,Chelsea Hertford
192,Heather Joy Sher
193,Mena Suvari
194,Wes Bentley
195,Thora Birch
196,Annette Bening
197,Kevin Spacey
198,Joel McCrary
199,Matthew Kimbrough
200,Reshma Gajjar
201,Alison Faulk
202,Lily Houtkin
203,Kent Faulcon
204,Hal Fort Atkinson
205,Tom Steele
206,Louis Natheaux
207,Edmund Cobb
208,Herbert Corthell
209,Walter Bacon
210,Bert Moorhouse
211,Louise Currie
212,Walter Sande
213,Ruth Warrick
214,Jack Gargan
215,Milton Kibbee
216,Alan Ladd
217,George DeNormand
218,Bud Geary
219,Cyril Ring
220,Roland Winters
221,Eddie Dew
222,Jan Wiley
223,Bob Terry
224,William Alland
225,Gino Corrado
226,Erskine Sanford
227,Orson Welles
228,Joseph Cotten
229,Dorothy Comingore
230,Ray Collins
231,George Coulouris
232,Agnes Moorehead
233,Tudor Williams
234,Benny Rubin
235,Paul Stewart
236,Maurice Costello
237,John Dilson
238,Gregg Toland
239,Harry Shannon
240,Philip Van Zandt
241,Fortunio Bonanova
242,Everett Sloane
243,Suzanne Ridgeway
244,Renee Godfrey
245,Frank McLure
246,Frances E. Neal
247,Katrine Falkenberg
248,Björk
249,Catherine Deneuve
250,David Morse
251,Peter Stormare
252,Joel Grey
253,Cara Seymour
254,John Martinus
255,Paprika Steen
256,Zeljko Ivanek
257,Udo Kier
258,Jens Albinus
259,John Randolph Jones
260,Jean-Marc Barr
261,Stellan Skarsgård
262,Sophie Stuckey
263,Richard Elfyn
264,Maria Bello
265,Sean Bean
266,Maurice Roeves
267,Genevieve Maylam
268,Jason Salkey
269,Michael Culkin
270,Vincenzo Pellegrino
271,Richard Leaf
272,Richard Ashton
273,Sam Douglas
274,Martin McDougall
275,Indra Ové
276,Stewart Harvey-Wilson
277,Christopher Adamson
278,Lenny McLean
279,John Sharian
280,Sean Buckley
281,Mia Frye
282,Marie Guillard
283,David Kennedy
284,Maïwenn
285,Julie T. Wallace
286,Renee Montemayor
287,Gary Oldman
288,Ian Holm
289,Milla Jovovich
290,Chris Tucker
291,Luke Perry
292,Brion James
293,Al Matthews
294,Tom Lister Jr.
295,Charlie Creed-Miles
296,Tricky
297,John Neville
298,John Bluthal
299,Mathieu Kassovitz
300,Christopher Fairbank
301,Kim Chan
302,Lee Evans
303,Frank Senger
304,Alan Ruscoe
305,Helene Weigel
306,Margarete Lanner
307,Erwin Biswanger
308,Theodor Loos
309,Grete Berger
310,Curt Siodmak
311,Rolf von Goth
312,Heinrich George
313,Fritz Rasp
314,Rudolf Klein-Rogge
315,Olaf Storm
316,Gustav Fröhlich
317,Helen von Münchofen
318,Brigitte Helm
319,Leonor Watling
320,Sarah Polley
321,Amanda Plummer
322,Maria de Medeiros
323,Jessica Amlee
324,Julian Richings
325,Scott Speedman
326,Bruce Brown
327,Paul Keith
328,Christian Martin
329,Trevor Goddard
330,Vince Lozano
331,Luke de Woolfson
332,LeJon
333,Ben Roberts
334,Israel Aduramo
335,Ben Wilson
336,Brye Cooper
337,Vanessa Branch
338,Lauren Maher
339,Matthew Bowyer
340,Ralph P. Martin
341,Paula J. Newman
342,Lucinda Dryzek
343,Dylan Smith
344,Jack Davenport
345,Gregory Alosio
346,Keira Knightley
347,Orlando Bloom
348,Johnny Depp
349,Kevin McNally
350,Zoe Saldana
351,Lee Arenberg
352,Mackenzie Crook
353,Treva Etienne
354,Michael Berry Jr.
355,David Bailie
356,Michael Sean Tighe
357,Jonathan Pryce
358,Giles New
359,Martin Klebba
360,Greg Ellis
361,Jordi Caballero
362,Paul Gagné
363,Joe Grisaffi
364,Angus Barnett
365,Dustin Seavey
366,Guy Siner
367,Michael Parks
368,Julie Dreyfus
369,Michael Madsen
370,Kenji Ohba
371,Daryl Hannah
372,Vivica A. Fox
373,Chiaki Kuriyama
374,Sonny Chiba
375,Lucy Liu
376,Jun Kunimura
377,Michael Bowen
378,Gordon Liu Chia-Hui
379,David Carradine
380,Tetsuro Shimaguchi
381,James Parks
382,Ai Maeda
383,Ambrosia Kelley
384,Shun Sugata
385,Goro Daimon
386,Akaji Maro
387,Julie Manase
388,Yoji Tanaka
389,Kazuki Kitamura
390,Yoshiyuki Morishita
391,Jonathan Loughran
392,Sakichi Satô
393,Yuki Kazamatsuri
394,Hikaru Midorikawa
395,Ming Lo
396,James Morrison
397,Craig Coyne
398,Kevin Foster
399,Jocko Sims
400,John Krasinski
401,Damion Poitier
402,Laz Alonso
403,Peter Sarsgaard
404,Lucas Black
405,Scott MacDonald
406,Jake Gyllenhaal
407,Jamie Foxx
408,Dendrie Taylor
409,Caroline Peters
410,Lior Ashkenazi
411,Michael Nyman
412,Margo Stilley
413,Dennis Hopper
414,Robert Duvall
415,G. D. Spradlin
416,Linda Carpenter
417,Jerry Ziesmer
418,Scott Glenn
419,Marc Coppola
420,Kerry Rossall
421,Colleen Camp
422,Sam Bottoms
423,Damien Leake
424,Martin Sheen
425,Tom Mason
426,Jack Thibeau
427,Cynthia Wood
428,Charles Robinson
429,Nick Nicholson
430,R. Lee Ermey
431,Jim Gaines
432,Charlie Sheen
433,Vittorio Storaro
434,Francis Ford Coppola
435,Marlon Brando
436,Albert Hall
437,Gara Takashima
438,Ron White
439,Rob Campbell
440,David Mucci
441,Frances Fisher
442,Jeremy Ratchford
443,Clint Eastwood
444,Gene Hackman
445,Jefferson Mappin
446,Morgan Freeman
447,Saul Rubinek
448,Anna Levine
449,Jaimz Woolvett
450,Anthony James
451,Philip Maurice Hayes
452,Larry Joshua
453,Liisa Repo-Martell
454,Shane Meier
455,Mina E. Mina
456,Richard Harris
457,Lochlyn Munro
458,John Pyper-Ferguson
459,Walter Marsh
460,Frank C. Turner
461,Beverley Elliott
462,Pamela Hayden
463,Marcia Wallace
464,Joe Mantegna
465,Billie Joe Armstrong
466,Tre Cool
467,Kelsey Grammer
468,Maile Flanagan
469,Harry Shearer
470,Hank Azaria
471,Yeardley Smith
472,Nancy Cartwright
473,Julie Kavner
474,Russi Taylor
475,Maggie Roswell
476,Elijah Wood
477,Tom Wilkinson
478,Paul Litowsky
479,Josh Flitter
480,Brian Price
481,Thomas Jay Ryan
482,David Cross
483,Jane Adams
484,Mark Ruffalo
485,Kirsten Dunst
486,Kate Winslet
487,Jim Carrey
488,Amir Ali Said
489,Goya Toledo
490,José Sefami
491,Adriana Barraza
492,Dunia Saldívar
493,Rosa María Bianchi
494,Humberto Busto
495,Rodrigo Murray
496,Jorge Salinas
497,Emilio Echevarría
498,Alvaro Guerrero
499,Vanessa Bauche
500,Gustavo Sánchez Parra
501,Lourdes Echevarría
502,Marco Pérez
503,Laura Almela
504,Ricardo Dalmacci
505,Roberto Medina
506,Patricio Castillo
507,Gael García Bernal
508,Rodrigo Ostap
509,Dagoberto Gama
510,David Schofield
511,Naomie Harris
512,Tom Hollander
513,Bill Nighy
514,Alex Norton
515,Steve Speirs
516,Andy Beckwith
517,Max Baker
518,Jonathan Linsley
519,Jonathan Kite
520,Ho-Kwan Tse
521,Peter Donald Badalamenti II
522,Reggie Lee
523,Sumela Kay
524,Viggo Mortensen
525,Heidi Hayes
526,Ashton Holmes
527,William Hurt
528,Ed Harris
529,Stephen McHattie
530,Peter MacNeill
531,Greg Bryk
532,Kyle Schmid
533,Bill MacDonald
534,Glenn Beck
535,Edwina Carroll
536,Ed Bishop
537,Sean Sullivan
538,Gary Lockwood
539,William Sylvester
540,Douglas Rain
541,Daniel Richter
542,Leonard Rossiter
543,Margaret Tyzack
544,Kevin Scott
545,Robert Beatty
546,Keir Dullea
547,Irma St. Paule
548,Charley Scalies
549,Rick Warner
550,Bruce Kirkpatrick
551,Joilet Harris
552,Drucie McDaniel
553,John Blaisse
554,Louis Lippa
555,Stan Kang
556,Pat Dias
557,Felix Pire
558,Karl Warren
559,Joseph McKenna
560,Ray Huffman
561,Paul Meshejian
562,Kevin Thigpen
563,Jann Ellis
564,Michael Ryan Segal
565,Korchenko
566,Chuck Jeffreys
567,Barry Price
568,John Panzarella
569,Charles Techman
570,Frederick Strother
571,Nell Johnson
572,Rozwill Young
573,Madeleine Stowe
574,Brad Pitt
575,Christopher Plummer
576,Jon Seda
577,Frank Gorshin
578,Joseph Melito
579,Christopher Meloni
580,Janet Zappala
581,Joey Perillo
582,Matt Ross
583,Annie Golden
584,Michael Chance
585,Vernon Campbell
586,H. Michael Walls
587,Bob Adrian
588,Simon Jones
589,Carol Florence
590,Bill Raymond
591,Ernest Abuba
592,LisaGay Hamilton
593,Lisa Talerico
594,Tiffany Baldwin
595,C.J. Byrnes
596,Joe Gerety
597,Renee Spei
598,Bonnie Loev
599,Raymond Mamrak
600,Sal Mazzotta
601,Allelon Ruggiero
602,Tom Detrik
603,Caetano Veloso
604,Geraldine Chaplin
605,Mariola Fuentes
606,Darío Grandinetti
607,Javier Cámara
608,Rosario Flores
609,Pina Bausch
610,Paz Vega
611,Elena Anaya
612,Lola Dueñas
613,Adolfo Fernández
614,Chus Lampreave
615,Omar Benson Miller
616,Eugene Byrd
617,Xzibit
618,Evan Jones
619,Brittany Murphy
620,Kim Basinger
621,Anthony Mackie
622,Taryn Manning
623,Michael Shannon
624,E.G. Marshall
625,Melora Hardin
626,Alison Eastwood
627,Dennis Haysbert
628,Judy Davis
629,Laura Linney
630,Lubna Azabal
631,Ali Suliman
632,Ashraf Barhom
633,Gorden Kaye
634,John Pierce Jones
635,Charles McKeown
636,Bryan Pringle
637,Ian Richardson
638,Jim Broadbent
639,Kim Greist
640,Peter Vaughan
641,Terry Gilliam
642,Roger Ashton-Griffiths
643,Nigel Planer
644,Michael Palin
645,Katherine Helmond
646,Bob Hoskins
647,Danny Vinson
648,Rhoda Griffis
649,Dolan Wilson
650,Clare Grant
651,Marc Farley
652,Cody Hanford
653,Brit Shaw
654,Tyler Hilton
655,James Keach
656,Shooter Jennings
657,Waylon Payne
658,Dallas Roberts
659,Dan John Miller
660,Larry Bagby
661,Sandra Ellis Lafferty
662,Dan Beene
663,Robert Patrick
664,James DeForest Parker
665,J.D. Evermore
666,Kerris Dorsey
667,Joaquin Phoenix
668,Reese Witherspoon
669,Ginnifer Goodwin
670,Lucas Till
671,Deborah Rawlings
672,Victoria Hester
673,Ridge Canipe
674,Shelby Lynne
675,Hailey Anne Nelson
676,Mike Colter
677,Michael Peña
678,Riki Lindhome
679,Bruce MacVittie
680,Hilary Swank
681,David Powledge
682,V.J. Foster
683,Margo Martindale
684,Jamison Yang
685,Ned Eisenberg
686,Naveen
687,Erica Grant
688,Tom McCleister
689,Jay Baruchel
690,Marcus Chait
691,Susan Krebs
692,Morgan Eastwood
693,Brian T. Finney
694,Marco Rodríguez
695,Kimberly Estrada
696,Jude Ciccolella
697,Michael Bentt
698,Jim Cantafio
699,Jason Williams
700,Miguel Pérez
701,Spice Williams-Crosby
702,Nina Avetisova
703,Trevor Fox
704,Zoë Bell
705,Patrick Malahide
706,Stephen Mangan
707,Gary Lewis
708,Jamie Draven
709,Julie Walters
710,Jamie Bell
711,Jennifer Lien
712,Avery Brooks
713,Edward Norton
714,Edward Furlong
715,Keith Odett
716,Thomas L. Bellissimo
717,Fairuza Balk
718,Elliott Gould
719,Guy Torry
720,William Russ
721,Joe Cortese
722,Jason Bose Smith
723,Antonio David Lyons
724,Alex Sol
725,Giuseppe Andrews
726,Keram Malicki-Sánchez
727,Michelle Christine White
728,Jordan Marder
729,Denney Pierce
730,Nicholas R. Oleson
731,Stacy Keach
732,Paul Le Mat
733,Cherish Lee
734,Sam Vlahos
735,Tara Blanchard
736,Anne Lambton
737,Steve Wolford
738,Richard Noyce
739,Danso Gordon
740,David Basulto
741,Selwyn Ward
742,Sam Sarpong
743,Allie Moss
744,Nigel Miguel
745,Paul E. Short
746,Jim Norton
747,Paul Hopkins
748,Ethan Suplee
749,Christopher Masterson
750,Travis Aaron Wade
751,Rick Gonzalez
752,Lenny Venito
753,Lisa Ann Walter
754,Dempsey Pappion
755,Channing Tatum
756,Daniel Eric Gold
757,David Alan Basche
758,Gene Barry
759,Yul Vazquez
760,James DuMont
761,Takayo Fischer
762,John Scurti
763,Camillia Sanes
764,Ann Robinson
765,Roz Abrams
766,Marlon Young
767,Tim Robbins
768,Columbus Short
769,Tom Kenny
770,Tom Cruise
771,Jim Hanna
772,Dakota Fanning
773,Miranda Otto
774,Justin Chatwin
775,Amy Ryan
776,John Eddins
777,Pierce Brosnan
778,Sarah Jessica Parker
779,Michael J. Fox
780,Jack Nicholson
781,Joseph Moynihan
782,Glenn Close
783,Christina Applegate
784,Sylvia Sidney
785,Rod Steiger
786,Danny DeVito
787,Martin Short
788,Tom Jones
789,O-Lan Jones
790,Jack Black
791,Pam Grier
792,Natalie Portman
793,Jim Brown
794,Lisa Marie
795,Lukas Haas
796,Andrea Eckert
797,Haymon Maria Buttinger
798,Julie Delpy
799,Ethan Hawke
800,Hanno Pöschl
801,Erni Mangold
802,Kimberly Campbell
803,Russ Fega
804,Larry Holden
805,Thomas Lennon
806,Callum Keith Rennie
807,Guy Pearce
808,Stephen Tobolowsky
809,Mark Boone Junior
810,Joe Pantoliano
811,Carrie-Anne Moss
812,Harriet Sansom Harris
813,Bob Okazaki
814,Kimiko Hiroshige
815,Edward James Olmos
816,Kevin Thompson
817,Rutger Hauer
818,Sean Young
819,Dawna Lee Heising
820,M. Emmet Walsh
821,William Sanderson
822,Joe Turkel
823,Joanna Cassidy
824,James Hong
825,Hy Pyke
826,Ben Astar
827,Morgan Paull
828,Maggie Cheung
829,Donnie Yen
830,Zhang Ziyi
831,Chen Dao-Ming
832,Liu Jie
833,Bruce Locke
834,Angela Oh
835,James Sie
836,Elizabeth Sung
837,Tony Leung Chiu-Wai
838,Jet Li
839,Louise Lemoine Torrès
840,Vernon Dobtcheff
841,Rodolphe Pauly
842,Mariane Plasteig
843,Diabolo
844,Albert Delpy
845,Ichirō Nagai
846,Rihoko Yoshida
847,Mahito Tsujimura
848,Mîna Tominaga
849,Kōhei Miyauchi
850,Jōji Yanami
851,Minoru Yada
852,Iemasa Kayumi
853,Sumi Shimamoto
854,Yoshiko Sakakibara
855,Yōji Matsuda
856,Gorō Naya
857,Hisako Kyouda
858,Ciarán Hinds
859,Eddie Marsan
860,John Hawkes
861,Vivienne Sendaydiego
862,Domenick Lombardozzi
863,Elizabeth Rodriguez
864,John Ortiz
865,Justin Theroux
866,Isaach De Bankolé
867,Luis Tosar
868,Gong Li
869,Oleg Taktarov
870,Patrick Michael Buckley
871,Barry Shabaka Henley
872,Mike Pniewski
873,Blanchard Ryan
874,Daniel Travis
875,Saul Stein
876,Terry Richards
877,Wolf Kahler
878,Pat Roach
879,Matthew Scurfield
880,Patrick Durkin
881,George Harris
882,Eddie Tagoe
883,Alfred Molina
884,Ishaq Bux
885,Don Fellows
886,Anthony Higgins
887,Denholm Elliott
888,John Rhys-Davies
889,Ronald Lacey
890,Paul Freeman
891,Karen Allen
892,Vic Tablian
893,Kiran Shah
894,Anthony Chinn
895,Nick Gillard
896,Dennis Muren
897,Michael Sheard
898,Frank Marshall
899,Martina Gedeck
900,Franka Potente
901,Nina Hoss
902,Corinna Harfouch
903,Jasmin Tabatabai
904,Tom Schilling
905,Thomas Huber
906,Tyra Misoux
907,Simon Licht
908,Ingeborg Westphal
909,Ursula Karusseit
910,Franziska Schlattner
911,Thorsten Merten
912,Deborah Kaufmann
913,Michael Gwisdek
914,Jennifer Ulrich
915,Nina Kronjäger
916,Moritz Bleibtreu
917,Wilfried Hochholdinger
918,Christian Ulmen
919,Herbert Knaup
920,Jonathan Ke Quan
921,Amrish Puri
922,George Lucas
923,Sid Ganis
924,Bhasker Patel
925,Raj Singh
926,Akio Mitamura
927,Dan Aykroyd
928,Michael Yama
929,Chua Kah Joo
930,Ric Young
931,David Yip
932,Roy Chiao
933,Philip Stone
934,Roshan Seth
935,Kate Capshaw
936,Philip Tan
937,Neal Jones
938,Miranda Garrison
939,Alvin Myerovich
940,Wayne Knight
941,Cousin Brucie Morrow
942,Max Cantor
943,Jennifer Grey
944,Kelly Bishop
945,Jane Brucker
946,Jack Weston
947,Cynthia Rhodes
948,Jerry Orbach
949,Patrick Swayze
950,Garry Goodrow
951,Lonny Price
952,Antone Pagan
953,Paula Trueman
954,Jennifer Stahl
955,Heather Lea Gerdes
956,Marc Miles
957,Vince Deadrick Sr.
958,Bradley Gregg
959,J. J. Hardy
960,Alex Hyde-White
961,Isla Blair
962,Alison Doody
963,Paul Maxwell
964,Richard Young
965,Robert Eddison
966,Kevork Malikyan
967,Michael Byrne
968,River Phoenix
969,Sean Connery
970,Tim Hiser
971,Alexei Sayle
972,Julian Glover
973,Stefan Kalipha
974,Paul Humpoletz
975,Will Miles
976,Eugene Lipinski
977,Martin Gordon
978,Tip Tipping
979,Michael Gregory
980,Rick Overton
981,Damon Wayans
982,Gilbert R. Hill
983,Paul Reiser
984,James Russo
985,John Ashton
986,Stephen Elliott
987,Michael Champion
988,Eddie Murphy
989,Ronny Cox
990,Bronson Pinchot
991,Steven Berkoff
992,Abel Jacquin
993,Joseph Kearns
994,James Stewart
995,Duke Ellington
996,John Qualen
997,Ken Lynch
998,Lee Remick
999,Ben Gazzara
1000,Murray Hamilton
1001,Russ Brown
1002,Howard McNear
1003,Orson Bean
1004,Kathryn Grant
1005,Eve Arden
1006,George C. Scott
1007,Jimmy Conlin
1008,Clark Heathcliffe Brolly
1009,Grayson McCouch
1010,Grace Zabriskie
1011,Eddie Griffin
1012,Charlton Heston
1013,Mary Ann Schmidt
1014,Michael Bay
1015,Michael Taliferro
1016,Greg Collins
1017,Steven Ford
1018,Christian Clemenson
1019,John Aylward
1020,Jim Ishida
1021,Albert Wong
1022,Deborah Nishimura
1023,Judith Hoag
1024,Michele Edison
1025,Dyllan Christopher
1026,Ellen Cleghorne
1027,Harry Humphries
1028,James Harper
1029,Stanley Anderson
1030,K.C. Leomiti
1031,John Mahon
1032,Anthony Guidera
1033,Billy Devlin
1034,Ian Quinn
1035,Duke Valenti
1036,Billy Bob Thornton
1037,Ben Affleck
1038,Liv Tyler
1039,Steve Buscemi
1040,Dina Morrone
1041,Bodhi Elfman
1042,Shawnee Smith
1043,William Fichtner
1044,Owen Wilson
1045,Ken Hudson Campbell
1046,Jessica Steen
1047,Chris Ellis
1048,Keith David
1049,Jason Isaacs
1050,Marshall R. Teague
1051,J. Patrick McCormack
1052,Seiko Matsuda
1053,Mark Curry
1054,Frederick Weller
1055,Michael Kaplan
1056,Andy Milder
1057,Brian Hayes Currie
1058,Peter Murnik
1059,Patrick Lander
1060,Brian Mulligan
1061,Patrick Richwood
1062,Frank Van Keeken
1063,Googy Gress
1064,Brian Brophy
1065,Jeff Austin
1066,Matt Malloy
1067,H. Richard Greene
1068,Kymberly Herrin
1069,Hugh M. Hefner
1070,Peggy McIntaggart
1071,Rebecca Ferratti
1072,Gilbert Gottfried
1073,Robert Ridgely
1074,Paul Guilfoyle
1075,Allen Garfield
1076,Jürgen Prochnow
1077,Brigitte Nielsen
1078,Chris Rock
1079,Vince Deadrick Jr.
1080,Peter Jurasik
1081,Dan Shor
1082,Barnard Hughes
1083,Cindy Morgan
1084,David Warner
1085,Bruce Boxleitner
1086,Jeff Bridges
1087,Tony Curran
1088,Tomas Arana
1089,Derek Jacobi
1090,Malcolm Ellul
1091,Ray Mangion
1092,Allan Corduner
1093,João Costa Menezes
1094,Ralf Moeller
1095,Mike Mitchell
1096,Russell Crowe
1097,Connie Nielsen
1098,Oliver Reed
1099,John Shrapnel
1100,Gilly Gilchrist
1101,James Fiddy
1102,Tommy Flanagan
1103,Omid Djalili
1104,Michael Mellinger
1105,Adam Levy
1106,Alun Raglan
1107,Sven-Ole Thorsen
1108,Djimon Hounsou
1109,Spencer Treat Clark
1110,David Hemmings
1111,Candela Peña
1112,Antonia San Juan
1113,Agustín Almodóvar
1114,Carlos García Cambero
1115,Michel Ruben
1116,Cecilia Roth
1117,Yael Barnatán
1118,Cayetana Guillén Cuervo
1119,José Luis Torrijo
1120,Penélope Cruz
1121,Marisa Paredes
1122,Malena Gutiérrez
1123,Juan José Otegui
1124,Eloy Azorín
1125,Carlos Lozano
1126,Manuel Morón
1127,Toni Cantó
1128,Stephen Marcus
1129,Huggy Leaver
1130,Vinnie Jones
1131,Jason Statham
1132,Nick Moran
1133,Jason Flemyng
1134,Frank Harper
1135,Nicholas Rowe
1136,Steven Mackintosh
1137,Sting
1138,Dexter Fletcher
1139,Vas Blackwood
1140,Jake Abraham
1141,Alan Ford
1142,Rob Brydon
1143,Danny John-Jules
1144,Victor McGuire
1145,Vera Day
1146,Arsène Jiroyan
1147,Don Creech
1148,Keith A. Glascoe
1149,Jernard Burks
1150,Matt De Matt
1151,Geoffrey Bateman
1152,Gilles Kleber
1153,Marc Andréoni
1154,Eric Challier
1155,Michel Montanary
1156,Samy Naceri
1157,Luc Bernard
1158,Joseph Malerba
1159,Peter Appel
1160,Willi One Blood
1161,Peter Linari
1162,Tommy Hollis
1163,Kent Broadhurst
1164,Alex Dezen
1165,George Martin
1166,Adam Busch
1167,Jessie Keosian
1168,Jean Reno
1169,Danny Aiello
1170,Ulf Pilgaard
1171,Birthe Neumann
1172,Mads Mikkelsen
1173,Nikolaj Lie Kaas
1174,Sonja Richter
1175,Niels Olsen
1176,Philip Zandén
1177,Hans Henrik Clemensen
1178,Susanne Juhász
1179,Joe Spinell
1180,Debbi Morgan
1181,Mary-Pat Green
1182,Victor Argo
1183,Bob Maroff
1184,Martin Scorsese
1185,Diahnne Abbott
1186,Leonard Harris
1187,Peter Boyle
1188,Carson Grant
1189,Harry Northup
1190,Jodie Foster
1191,Norman Matlock
1192,Robert De Niro
1193,Cybill Shepherd
1194,Monica Bleibtreu
1195,Suzanne von Borsody
1196,Nina Petri
1197,Armin Rohde
1198,Heino Ferch
1199,Lars Rudolph
1200,Ludger Pistor
1201,Sebastian Schipper
1202,Joachim Król
1203,J.J. Cohen
1204,Will Hare
1205,Elsa Raven
1206,Cristen Kauffman
1207,Lisa Freeman
1208,Donald Fullilove
1209,Casey Siemaszko
1210,Billy Zane
1211,Wendie Jo Sperber
1212,James Tolkan
1213,Frances Lee McCain
1214,George DiCenzo
1215,Ivy Bethune
1216,Marc McClure
1217,Thomas F. Wilson
1218,Crispin Glover
1219,Lea Thompson
1220,"Harry Waters, Jr."
1221,Jason Marin
1222,Johnny Green
1223,Jason Hervey
1224,Tom Tangen
1225,Huey Lewis
1226,Janine King
1227,Deborah Harmon
1228,Charles L. Campbell
1229,Walter Scott
1230,Paul Hanson
1231,Katherine Britton
1232,Lloyd L. Tolbert
1233,Gary Riley
1234,Robert Krantz
1235,Sachi Parker
1236,Read Morgan
1237,Norman Alden
1238,Richard L. Duran
1239,Courtney Gains
1240,Maia Brewton
1241,George Buck Flower
1242,Christopher Lloyd
1243,Claudia Wells
1244,Sonny Landham
1245,Shane Black
1246,R. G. Armstrong
1247,Jesse Ventura
1248,Elpidia Carrillo
1249,Carl Weathers
1250,Kevin Peter Hall
1251,Richard Chaves
1252,Benicio del Toro
1253,Robbie Gee
1254,Lennie James
1255,Ewen Bremner
1256,Ade
1257,William Beck
1258,Adam Fogerty
1259,Stephen Graham
1260,Dave Legeno
1261,Trevor Steedman
1262,Tim Faraday
1263,Liam McMahon
1264,Velibor Topic
1265,Charles Cork
1266,Yuri Stepanov
1267,Hélène Vincent
1268,Florence Pernel
1269,Benoît Régent
1270,Juliette Binoche
1271,Emmanuelle Riva
1272,Zbigniew Zamachowski
1273,Jerzy Nowak
1274,Aleksander Bardini
1275,Jerzy Stuhr
1276,Janusz Gajos
1277,Irène Jacob
1278,Jean-Louis Trintignant
1279,Jean-Pierre Lorit
1280,Samuel Le Bihan
1281,Michelle Pfeiffer
1282,Steven Bauer
1283,Al Pacino
1284,Pepe Serna
1285,Mary Elizabeth Mastrantonio
1286,Mark Margolis
1287,Jorge Porcel
1288,Angela Aames
1289,Brett Ratner
1290,Geno Silva
1291,Manuel Padilla Jr.
1292,Victor Millan
1293,Ronald G. Joseph
1294,Gregory Cruz
1295,Gary Carlos Cervantes
1296,Lee Benton
1297,Tony Perez
1298,Ted Beniades
1299,Robert Loggia
1300,Miriam Colón
1301,F. Murray Abraham
1302,Paul Shenar
1303,Harris Yulin
1304,Ángel Salazar
1305,Arnaldo Santana
1306,Richard Belzer
1307,Lana Clarkson
1308,Charles A. Tamburro
1309,Shelley Taylor Morgan
1310,Henry Kingi
1311,Kevyn Major Howard
1312,Gregg Henry
1313,Linda Gillen
1314,Ava Lazar
1315,Charles Durning
1316,Dennis Franz
1317,Maxine Wasa
1318,Peter Gantzler
1319,Ann Eleonora Jørgensen
1320,Anders W. Berthelsen
1321,Anette Støvelbæk
1322,Karen-Lise Mynster
1323,Bent Mejding
1324,Elsebeth Steentoft
1325,Ha Yeo-jin
1326,Kim Young-min
1327,Kim Ki-duk
1328,John David Carson
1329,Jason Alexander
1330,Larry Miller
1331,Héctor Elizondo
1332,Julia Roberts
1333,Elinor Donahue
1334,Laura San Giacomo
1335,Amy Yasbeck
1336,Richard Gere
1337,Ralph Bellamy
1338,Torsten Voges
1339,Flea
1340,Peter Siragusa
1341,Mike Gomez
1342,Tara Reid
1343,John Turturro
1344,Sam Elliott
1345,David Huddleston
1346,Philip Seymour Hoffman
1347,Julianne Moore
1348,John Goodman
1349,Dom Irrera
1350,Richard Gant
1351,Ajgie Kirkland
1352,Harry Bugin
1353,Jon Polito
1354,David Thewlis
1355,Leon Russom
1356,Jack Kehler
1357,Jimmie Dale Gilmore
1358,Mark Pellegrino
1359,Marshall Manesh
1360,Jennifer Lamb
1361,Jesse Flanagan
1362,Wendy Braun
1363,Kiva Dawson
1364,Philip Moon
1365,Colin Salmon
1366,Georgina Chapman
1367,Steve Pemberton
1368,Selina Cadell
1369,Rose Keegan
1370,Jonathan Rhys Meyers
1371,Scarlett Johansson
1372,Emily Mortimer
1373,Brian Cox
1374,Penelope Wilton
1375,James Nesbitt
1376,Miranda Raison
1377,Rupert Penry-Jones
1378,Toby Kebbell
1379,Zoe Telford
1380,Matthew Goode
1381,Paul Kaye
1382,Alexander Armstrong
1383,John Fortune
1384,Geoffrey Streatfeild
1385,Simon Kunz
1386,Mark Gatiss
1387,Mike Bacarella
1388,Kevin Costner
1389,Charles Martin Smith
1390,Del Close
1391,Richard Bradford
1392,Jack Kehoe
1393,Brad Sullivan
1394,Andy García
1395,Peter Aylward
1396,Larry Brandenburg
1397,Chelcie Ross
1398,Will Zahrn
1399,Vince Viverito
1400,Patricia Clarkson
1401,Clem Caserta
1402,Joe Greco
1403,Billy Drago
1404,Clifton James
1405,Stephen Burrows
1406,John Barrowman
1407,Robert Swan
1408,Don Harvey
1409,Oscar James
1410,Deep Roy
1411,Liz Smith
1412,Eileen Essell
1413,Philip Philmar
1414,Kevin Eldon
1415,Tony Kirwood
1416,Geoffrey Holder
1417,Nitin Ganatra
1418,Shelley Conn
1419,Todd Boyce
1420,Mark Heap
1421,Julia Winter
1422,Freddie Highmore
1423,AnnaSophia Robb
1424,Jordan Fry
1425,Philip Wiegratz
1426,Helena Bonham Carter
1427,David Kelly
1428,Missi Pyle
1429,Noah Taylor
1430,Christopher Lee
1431,Adam Godley
1432,Franziska Troegner
1433,James Fox
1434,Annette Badland
1435,Lawrence Makoare
1436,Sala Baker
1437,Craig Parker
1438,Alan Howard
1439,Marton Csokas
1440,Cate Blanchett
1441,Hugo Weaving
1442,Andy Serkis
1443,Ian McKellen
1444,Olivia Tennet
1445,Jed Brophy
1446,Calum Gittins
1447,Sam Comery
1448,Nathaniel Lees
1449,Stephen Ure
1450,Raymond Trickitt
1451,Bruce Phillips
1452,Robyn Malcolm
1453,John Noble
1454,Bruce Hopkins
1455,David Wenham
1456,Karl Urban
1457,John Bach
1458,Bernard Hill
1459,Brad Dourif
1460,Sean Astin
1461,Robbie Magasiva
1462,Paul Norell
1463,Thomas Robins
1464,David Aston
1465,Alistair Browning
1466,Sarah McLeod
1467,David Buck
1468,Christopher Guard
1469,John Hurt
1470,Simon Chandler
1471,Norman Bird
1472,Peter Woodthorpe
1473,Annette Crosbie
1474,André Morell
1475,Alan Tilvern
1476,Grażyna Szapołowska
1477,Maria Pakulnis
1478,Jerzy Radziwiłowicz
1479,Artur Barciś
1480,Tadeusz Łomnicki
1481,Bogusław Linda
1482,Jolanta Nowinska
1483,Bogusława Pawelec
1484,Jacek Borkowski
1485,Jacek Sas-Uhrynowski
1486,Irena Byrska
1487,Zygmunt Hübner
1488,Monika Gozdzik
1489,Marzena Trybała
1490,Aleksander Mikołajczak
1491,Zbigniew Zapasiewicz
1492,Adam Ferency
1493,Tsunehiko Kamijô
1494,Akira Nagoya
1495,Masahiko Nishimura
1496,Akihiro Miwa
1497,Tetsu Watanabe
1498,Hisaya Morishige
1499,Kaoru Kobayashi
1500,Mitsuko Mori
1501,Yūko Tanaka
1502,Yuriko Ishida
1503,Mari Natsuki
1504,Bunta Sugawara
1505,Ryunosuke Kamiki
1506,Takashi Naito
1507,Yasuko Sawaguchi
1508,Rumi Hiiragi
1509,Yo Oizumi
1510,Takehiko Ono
1511,Miyu Irino
1512,Tatsuya Gashûin
1513,Charlie Watts
1514,Bill Wyman
1515,Keith Richards
1516,Phil Lesh
1517,Mick Taylor
1518,Jerry Garcia
1519,Michael Shrieve
1520,Ike Turner
1521,Tina Turner
1522,Albert Maysles
1523,Mick Jagger
1524,John F. Kennedy
1525,Jacqueline Kennedy
1526,Mia Tate
1527,George Clooney
1528,Musetta Vander
1529,Christy Taylor
1530,Quinn Gasaway
1531,Lee Weaver
1532,Daniel von Bargen
1533,Ray McKinnon
1534,Ed Gale
1535,Wayne Duvall
1536,Michael Badalucco
1537,Chris Thomas King
1538,Millford Fortenberry
1539,Holly Hunter
1540,Bob Dylan
1541,Joan Baez
1542,Alan Price
1543,Roscoe Ates
1544,Henry Victor
1545,Leila Hyams
1546,Wallace Ford
1547,Angelo Rossitto
1548,Olga Baclanova
1549,Jerry Austin
1550,Rose Dione
1551,Andie MacDowell
1552,Bill Murray
1553,Chris Elliott
1554,Brian Doyle-Murray
1555,Angela Paton
1556,Rick Ducommun
1557,David Pasquesi
1558,Robin Duke
1559,Tom Milanovich
1560,Marita Geraghty
1561,Harold Ramis
1562,C.O. Erickson
1563,Willie Garson
1564,Hynden Walch
1565,David Manners
1566,Frances Dade
1567,John George
1568,Herbert Bunston
1569,Wyndham Standing
1570,Edward Van Sloan
1571,Dwight Frye
1572,Bela Lugosi
1573,Helen Chandler
1574,Florence Wix
1575,Tod Browning
1576,Donald Murphy
1577,Arthur Jensen
1578,Christian Grønvall
1579,Klaus Bondam
1580,Line Kruse
1581,Iben Hjejle
1582,Sofie Gråbøl
1583,Ellen Hillingsø
1584,Sidse Babett Knudsen
1585,Sofie Stougaard
1586,Søren Malling
1587,Jesper Asholt
1588,Anders Hove
1589,Roberto Hoyas
1590,Pau Poch
1591,Sara Montiel
1592,Raúl García Forneiro
1593,Nacho Pérez
1594,Alberto Ferreiro
1595,Juan Fernández
1596,Pedro Almodóvar
1597,Petra Martínez
1598,Francisco Maestre
1599,Francisco Boira
1600,Fele Martínez
1601,Daniel Giménez Cacho
1602,Lluís Homar
1603,Joan Blair
1604,Stuart Stone
1605,Alex Greenwald
1606,Gary Lundy
1607,Kristina Malota
1608,David St. James
1609,Arthur Taxier
1610,Marina Malota
1611,Patience Cleveland
1612,Phyllis Lyons
1613,James Duval
1614,Scotty Leavenworth
1615,Jazzie Mahannah
1616,Seth Rogen
1617,Katharine Ross
1618,Holmes Osborne
1619,Jolene Purdy
1620,David Moreland
1621,Noah Wyle
1622,Jena Malone
1623,Mary McDonnell
1624,Maggie Gyllenhaal
1625,Daveigh Chase
1626,Drew Barrymore
1627,Beth Grant
1628,Michelle Williams
1629,Peter McRobbie
1630,David Harbour
1631,Anna Faris
1632,Anne Hathaway
1633,Valerie Planche
1634,Linda Cardellini
1635,Marty Antonini
1636,Randy Quaid
1637,Heath Ledger
1638,Kate Mara
1639,Owen Davis Jr.
1640,Joan Marsh
1641,Raymond Griffith
1642,Edmund Breese
1643,G. Pat Collins
1644,Slim Summerville
1645,Harold Goodwin
1646,Richard Alexander
1647,William Bakewell
1648,Lew Ayres
1649,John Wray
1650,Ben Alexander
1651,Scott Kolk
1652,Fred Zinnemann
1653,Russell Gleason
1654,Bruno Ganz
1655,Hans Martin Stier
1656,Nick Cave
1657,Otto Sander
1658,Beatrice Manowski
1659,Solveig Dommartin
1660,Curt Bois
1661,Peter Falk
1662,Finlay Welsh
1663,Mikkel Gaup
1664,Adrian Rawlins
1665,Katrin Cartlidge
1666,Emily Watson
1667,Michelle Yeoh
1668,Chow Yun-fat
1669,Sihung Lung
1670,Fa Zeng Li
1671,Xian Gao
1672,Su Ying Huang
1673,Cheng Pei-Pei
1674,Jeanne Moreau
1675,Philippe de Broca
1676,Jean-Claude Brialy
1677,Serge Moati
1678,Richard Kanayan
1679,Guy Decomble
1680,Pierre Repp
1681,Georges Flamant
1682,Albert Rémy
1683,Claire Maurier
1684,Jean-Pierre Léaud
1685,Sverre Anker Ousdal
1686,Daniel Mays
1687,Emmanuel Idowu
1688,Dean Lennox Kelly
1689,Mami Koyama
1690,Mitsuo Iwata
1691,Tesshou Genda
1692,Hiroshi Ohtake
1693,Yuriko Fuchizaki
1694,Takeshi Kusao
1695,Nozomu Sasaki
1696,Frank McRae
1697,Nick Nolte
1698,David Patrick Kelly
1699,James Remar
1700,Luis Contreras
1701,Denise Crosby
1702,Jim Haynie
1703,Margot Rose
1704,James Keane
1705,Jonathan Banks
1706,Kerry Sherman
1707,Clare Nono
1708,Olivia Brown
1709,Sandy Martin
1710,Peter Jason
1711,Chris Mulkey
1712,Loyd Catlett
1713,Reid Cruickshanks
1714,R. D. Call
1715,Angela Robinson
1716,Matt Landers
1717,Todd Allen
1718,Leonard Nimoy
1719,Majel Barrett
1720,Nichelle Nichols
1721,Walter Koenig
1722,George Takei
1723,James Doohan
1724,DeForest Kelley
1725,William Shatner
1726,Grace Lee Whitney
1727,Mark Lenard
1728,Billy Van Zandt
1729,Roger Aaron Brown
1730,Persis Khambatta
1731,Stephen Collins
1732,Osamu Shigematu
1733,Gregory Pekar
1734,Catherine Lambert
1735,Takashi Fujii
1736,Akiko Takeshita
1737,Giovanni Ribisi
1738,Hiroko Kawasaki
1739,Paul Winfield
1740,Ike Eisenmann
1741,John Winston
1742,Bibi Besch
1743,Ricardo Montalban
1744,Merritt Butrick
1745,Kirstie Alley
1746,Peter Rnic
1747,Nathan Gamble
1748,Michael Vieau
1749,Michael Stoyanov
1750,William Smillie
1751,Michael Jai White
1752,Danny Goldring
1753,Melinda McGraw
1754,Joseph Oliveira
1755,Keith Szarabajka
1756,Olumiji Olawumi
1757,Christian Bale
1758,Michael Caine
1759,Aaron Eckhart
1760,Colin McFarlane
1761,Ron Dean
1762,Chin Han
1763,Nestor Carbonell
1764,Eric Roberts
1765,Cillian Murphy
1766,Ritchie Coster
1767,Anthony Michael Hall
1768,Monique Gabriela Curnen
1769,Beatrice Rosen
1770,Joshua Harto
1771,Edison Chen
1772,Joshua Rollins
1773,Kelli Clevenger
1774,Amit Shah
1775,Maritza Cabrera
1776,Debbi Burns
1777,Matthew Leitch
1778,Peter Brooke
1779,William Armstrong
1780,Bronson Webb
1781,Jon Lee Brody
1782,Wai Wong
1783,Ronan Summers
1784,Ian Pirie
1785,David Ajala
1786,Chris Wilson
1787,Tristan Tait
1788,Lisa McAllister
1789,Vincenzo Nicoli
1790,Tommy Campbell
1791,Patrick Leahy
1792,Patrick Clear
1793,Keith Kupferer
1794,Richard Dillane
1795,Philip Bulcock
1796,Lorna Gayle
1797,Vincent Riotta
1798,K. Todd Freeman
1799,Peter DeFaria
1800,Paul Birchard
1801,Daniel Jefferson
1802,Erron Jay
1803,Ariyon Bakare
1804,Nicky Katt
1805,Andrew Bicknell
1806,Matt Rippy
1807,Jamie Sives
1808,Shirley Henderson
1809,Julia Davis
1810,Lorraine McIntosh
1811,Judith Anderson
1812,Stephen Manley
1813,Robin Curtis
1814,Miguel Ferrer
1815,Leonard Lansink
1816,Cornelia Froboess
1817,Christiane Paul
1818,Hannes Jaenicke
1819,Markus Knüfken
1820,Willi Thomczyk
1821,Tobias Schenke
1822,Jenny Elvers
1823,Hark Bohm
1824,Muriel Baumeister
1825,Sönke Wortmann
1826,Florian Fitz
1827,Thierry van Werveke
1828,Jan Josef Liefers
1829,Ralph Herforth
1830,Til Schweiger
1831,Katja Riemann
1832,Kai Wiesinger
1833,Martin Armknecht
1834,Heinrich Schafmeister
1835,Ralf König
1836,Matt Damon
1837,Don Cheadle
1838,Carl Reiner
1839,Bernie Mac
1840,Eddie Jemison
1841,Shaobo Qin
1842,Scott L. Schwartz
1843,Shane West
1844,Scott Beringer
1845,Henry Silva
1846,Steven Soderbergh
1847,Tim Perez
1848,Rusty Meyers
1849,Casey Affleck
1850,Scott Caan
1851,Holly Marie Combs
1852,Robert Oliveri
1853,Nick Carter
1854,Kathy Lockwood
1855,Peter Palmer
1856,Aaron Lustig
1857,Gina Gallagher
1858,Stuart Lancaster
1859,Marc Macaulay
1860,Alan Fudge
1861,Donna Pieroni
1862,Biff Yeager
1863,John Davidson
1864,Steven Brill
1865,Conchata Ferrell
1866,Caroline Aaron
1867,Dick Anthony Williams
1868,Susan Blommaert
1869,Linda Perri
1870,Winona Ryder
1871,Dianne Wiest
1872,Alan Arkin
1873,Vincent Price
1874,Kathy Baker
1875,Robbie Coltrane
1876,Jeroen Krabbé
1877,Vincent Cassel
1878,Eddie Izzard
1879,Cherry Jones
1880,Albert Finney
1881,Johan Widerberg
1882,Adriano Giannini
1883,Catherine Zeta-Jones
1884,Martin Balsam
1885,Orangey
1886,Elvia Allman
1887,Claude Stroud
1888,Stanley Adams
1889,Beverly Powers
1890,Dorothy Whitney
1891,Alan Reed
1892,Mickey Rooney
1893,Buddy Ebsen
1894,José Luis de Villalonga
1895,George Peppard
1896,Audrey Hepburn
1897,Patricia Neal
1898,Freddie
1899,Wesley Mann
1900,Darlene Vogel
1901,Tamara Carrera
1902,Theo Schwartz
1903,Al White
1904,Neil Ross
1905,Jeffrey Weissman
1906,Joe Flaherty
1907,Charles Fleischer
1908,Ricky Dean Logan
1909,Jason Scott Lee
1910,Elisabeth Shue
1911,Sophie Marceau
1912,Jean-Pierre Castaldi
1913,Frédéric de Pasquale
1914,Robert Dalban
1915,Jean-Michel Dupuis
1916,Denise Grey
1917,Brigitte Fossey
1918,Alexandra Gonin
1919,Alexandre Sterling
1920,Dominique Lavanant
1921,Claude Brasseur
1922,Richard Bohringer
1923,Saul Williams
1924,Tess McCarthy
1925,Greg Lewis
1926,John Toles-Bey
1927,Mark Christopher Lawrence
1928,Mary Mara
1929,Brandon de Paul
1930,Tracey Vilar
1931,Natasha Dorfhuber
1932,Aaron Paul
1933,William Lucking
1934,Zofia Borucka
1935,Curt Clendenin
1936,Melanee Murray
1937,Mary McCormack
1938,Alfre Woodard
1939,Frank Collison
1940,Moet Meira
1941,Peter Maloney
1942,Ajay Naidu
1943,Vincent Laresca
1944,Kimberly Scott
1945,Peter Gerety
1946,Brian Howe
1947,Celia Weston
1948,Jane Wyatt
1949,Catherine Hicks
1950,John Schuck
1951,Robert Ellenstein
1952,Brock Peters
1953,Gerard G. Williams
1954,Charles David Richards
1955,Michael Mark Edmondson
1956,Lilyan Chauvin
1957,Corey Rand
1958,George Christy
1959,Paulo Tocha
1960,Bill Paxton
1961,Steve Kahan
1962,Teri Weigel
1963,Calvin Lockhart
1964,"Morton Downey, Jr."
1965,Kent McCord
1966,Robert Davi
1967,Charles Haugk
1968,Danny Glover
1969,Gary Busey
1970,Rubén Blades
1971,María Conchita Alonso
1972,Sylvia Kauders
1973,Tom Finnegan
1974,Jsu Garcia
1975,Carmine Zozzora
1976,John Cann
1977,Adam Baldwin
1978,Michael Papajohn
1979,Casey Sander
1980,Pat Skipper
1981,David Schneider
1982,Alexander Delamere
1983,Noah Huntley
1984,Megan Burns
1985,Brendan Gleeson
1986,Luke Mably
1987,Stuart McQuarrie
1988,Justin Hackney
1989,Ricci Harnett
1990,Leo Bill
1991,Junior Laniyan
1992,Ray Panthaki
1993,Christopher Eccleston
1994,Alex Palmer
1995,Bindu De Stoppani
1996,Jukka Hiltunen
1997,Mathieu Rivolier
1998,Lucienne Legrand
1999,Gaëlle Legrand
2000,Robert le Béal
2001,Francis Lemaire
2002,Alain Beigel
2003,Jean-Philippe Léonard
2004,Zabou Breitman
2005,Sandrine Bonnaire
2006,Daniel Russo
2007,Claudia Morin
2008,Jean Leuvrais
2009,Lambert Wilson
2010,Pierre Cosso
2011,Philippe Kelly
2012,Michel Bonnet
2013,Laetitia Gabrielli
2014,Laurence Luckinbill
2015,Charles Cooper
2016,George Murdock
2017,Robert J. Wilke
2018,Carleton Young
2019,J. M. Kerrigan
2020,Percy Helton
2021,Peter Lorre
2022,Ron Nyman
2023,James Mason
2024,Kirk Douglas
2025,Fred Graham
2026,Harry Harvey
2027,Charles Grodin
2028,Harper Goff
2029,Eddie Marr
2030,Ted de Corsia
2031,Gloria Pall
2032,John Daheim
2033,Rosanna DeSoto
2034,Kim Cattrall
2035,Jeremy Roberts
2036,Robert Easton
2037,Iman
2038,Michael Dorn
2039,Christian Slater
2040,Kurtwood Smith
2041,Kimberly Beck
2042,Sergio Castellitto
2043,Jean Bouise
2044,Marc Duret
2045,Griffin Dunne
2046,Andréas Voutsinas
2047,Valentina Vargas
2048,Bruce Guerre-Berthelot
2049,Gregory Forstner
2050,Claude Besson
2051,Patrick Fontana
2052,Alessandra Vazzoler
2053,Paul Herman
2054,Jan Rouiller
2055,Pierre Semmler
2056,Eric Do
2057,Geoffrey Carey
2058,Rosanna Arquette
2059,Benito Martinez
2060,Monica Potter
2061,Makenzie Vega Norfolk
2062,Ned Bellamy
2063,Alexandra Bokyun Chun
2064,Avner Garbi
2065,Cary Elwes
2066,Michael Emerson
2067,Ken Leung
2068,Tobin Bell
2069,Leigh Whannell
2070,Dina Meyer
2071,Mike Butters
2072,Paul Gutrecht
2073,Tom Waits
2074,Melinda Culea
2075,John de Lancie
2076,Dan Futterman
2077,Ted Ross
2078,Jayce Bartok
2079,Mercedes Ruehl
2080,Michael Jeter
2081,David Hyde Pierce
2082,Lara Harris
2083,Kathy Najimy
2084,Caitlin Clarke
2085,Suzy Amis
2086,Forest Whitaker
2087,Stephi Lineburg
2088,John Finn
2089,Tommy Lee Jones
2090,Jesper Christensen
2091,Pat Kiernan
2092,Nicole Kidman
2093,Sean Penn
2094,Catherine Keener
2095,Yvan Attal
2096,Maz Jobrani
2097,Clyde Kusatsu
2098,Eric Keenleyside
2099,Hugo Speer
2100,Yusuf Gatewood
2101,Curtiss Cook
2102,Robert Clohessy
2103,Vladimir Bibic
2104,David Zayas
2105,Earl Cameron
2106,Terry Serpico
2107,William Mapother
2108,Arye Gross
2109,Frank Grillo
2110,George Wallace
2111,Fiona Hale
2112,Colin Farrell
2113,Samantha Morton
2114,Max von Sydow
2115,Lois Smith
2116,Cameron Diaz
2117,Steve Harris
2118,Kathryn Morris
2119,Mike Binder
2120,Daniel London
2121,Neal McDonough
2122,Jessica Capshaw
2123,Patrick Kilpatrick
2124,Jessica Harper
2125,Tim Blake Nelson
2126,Ashley Crow
2127,Christian Oliver
2128,Dominic Comperatore
2129,Ravil Isyanov
2130,Robin Weigert
2131,Jack Thompson
2132,Beau Bridges
2133,Leland Orser
2134,Tobey Maguire
2135,Jenny Lewis
2136,Fred Savage
2137,Sam McMurray
2138,Luke Edwards
2139,Wendy Phillips
2140,Laura Lovelace
2141,Samuel L. Jackson
2142,Glendon Rich
2143,Colleen Mayne
2144,Diana Uribe
2145,Tangie Ambrose
2146,Aimee Graham
2147,Sid Haig
2148,Michelle Berube
2149,Lisa Gay Hamilton
2150,Michael Keaton
2151,Bridget Fonda
2152,Robert Forster
2153,Hattie Winston
2154,Christine Lydon
2155,Clive Francis
2156,Aubrey Morris
2157,Godfrey Quigley
2158,Michael Tarn
2159,Carl Duering
2160,Paul Farrell
2161,Miriam Karlin
2162,Sheila Raynor
2163,Malcolm McDowell
2164,Adrienne Corri
2165,Michael Bates
2166,Pauline Taylor
2167,Warren Clarke
2168,James Marcus
2169,Richard Connaught
2170,Patrick Magee
2171,Sam Jaeger
2172,Peter Outerbridge
2173,Stanley Tucci
2174,Kevin Chamberlin
2175,Dorian Missick
2176,Scott Gibson
2177,Corey Stoll
2178,Josh Hartnett
2179,Ben Kingsley
2180,Mykelti Williamson
2181,Alexis Bledel
2182,Rico Torres
2183,Korey Simeone
2184,Paul T. Taylor
2185,Marley Shelton
2186,Arie Verveen
2187,Ethan Maniquis
2188,Ken Thomas
2189,Chris Warner
2190,Ethan Rains
2191,Cara D. Briggs
2192,Christina Frankenfield
2193,Evelyn Hurley
2194,Jason McDonald
2195,Frank Miller
2196,Jeff Schwan
2197,Michael Clarke Duncan
2198,Marco Perella
2199,Jason Douglas
2200,Randal Reeder
2201,Jeffrey J. Dashnaw
2202,Nick Stahl
2203,Rick Gomez
2204,Jaime King
2205,Powers Boothe
2206,Carla Gugino
2207,Jessica Alba
2208,Devon Aoki
2209,Clive Owen
2210,Rosario Dawson
2211,Mickey Rourke
2212,David H. Hickey
2213,Jesse De Luna
2214,Helen Kirk
2215,Lisa Marie Newmyer
2216,Tommy Nix
2217,Nick Offerman
2218,Greg Ingram
2219,Billy Blair
2220,Rob Franco
2221,Daylon Walton
2222,Bob Schreck
2223,Jimmy Gonzales
2224,Tommy Townsend
2225,Alexa PenaVega
2226,Robert Lott
2227,Lawrence Varnado
2228,Christian Bowman
2229,Lady Gaga
2230,Luis Albert Acevedo Jr.
2231,Emmy Robbin
2232,Vincent Fuentes
2233,Alcides Dias
2234,Kimberly Cox
2235,John Wirt
2236,Samuel Davis
2237,Alejandro Rose-Garcia
2238,Bart Fletcher
2239,Will Beinbrink
2240,Dimitrius Pulido
2241,Jamie Chung
2242,Julia Garner
2243,Patrick Sane
2244,Eva Green
2245,Ray Liotta
2246,Juno Temple
2247,Josh Brolin
2248,Joseph Gordon-Levitt
2249,Johnny Reno
2250,Giordano Falzoni
2251,Elya Baskin
2252,Lucien Bodard
2253,Aristide Caporale
2254,Luigi Leoni
2255,Francesco Scali
2256,Maria Tedeschi
2257,Feodor Chaliapin Jr.
2258,William Hickey
2259,Michael Habeck
2260,Urs Althaus
2261,Valerio Isidori
2262,Ron Perlman
2263,Leopoldo Trieste
2264,Franco Pistoni
2265,Michael Lonsdale
2266,Armando Marra
2267,Helmut Qualtinger
2268,Volker Prechtel
2269,Jenette Goldstein
2270,Cameron Oppenheimer
2271,Alan Ruck
2272,Whoopi Goldberg
2273,Marina Sirtis
2274,Gates McFadden
2275,LeVar Burton
2276,Patrick Stewart
2277,Brent Spiner
2278,Jonathan Frakes
2279,Artus de Penguern
2280,Dominique Pinon
2281,Isabelle Nanty
2282,Jamel Debbouze
2283,Rufus
2284,Audrey Tautou
2285,Yolande Moreau
2286,Lorella Cravotta
2287,Claude Perron
2288,Clotilde Mollet
2289,Patrick Paroux
2290,Philippe Beautier
2291,Alain Floret
2292,Jean-Pol Brissart
2293,Serge Merlin
2294,Frankie Pain
2295,Paule Daré
2296,François Viaur
2297,Sophie Tellier
2298,Marie-Laure Descoureaux
2299,Thierry Gibault
2300,Robert Gendreu
2301,Jean-Pierre Becker
2302,Philippe Paimblanc
2303,Urbain Cancelier
2304,Maurice Bénichou
2305,Michel Robin
2306,Andrée Damant
2307,Fabien Béhar
2308,André Dussollier
2309,Armelle
2310,Kay Francis
2311,Miriam  Hopkins
2312,C. Aubrey Smith
2313,Edward Everett Horton
2314,Charles Ruggles
2315,Herbert Marshall
2316,Leonid Kinskey
2317,Billy Gibbons
2318,Dusty Hill
2319,Frank Beard
2320,Matt Clark
2321,Bill McKinney
2322,Burton Gilliam
2323,Dub Taylor
2324,"Harry Carey, Jr."
2325,Mary Steenburgen
2326,Pat Buttram
2327,Richard Dysart
2328,Dean Cundey
2329,Foster
2330,Donovan Scott
2331,Alun Armstrong
2332,John Murtagh
2333,Mal Whyte
2334,Rana Morrison
2335,John Kavanagh
2336,Ralph Riach
2337,Andrew Weir
2338,Peter Hanly
2339,Jimmy Chisholm
2340,Stephen Billington
2341,Rupert Vansittart
2342,Tam White
2343,Ian Bannen
2344,Peter Mullan
2345,David Gant
2346,Bernard Horsfall
2347,Gerard McSorley
2348,Donal Gibson
2349,Dean Lopata
2350,Sean McGinley
2351,Mel Gibson
2352,Catherine McCormack
2353,Patrick McGoohan
2354,Alan Tall
2355,Sandy Nelson
2356,Sean Lawlor
2357,Jeanne Marine
2358,Mhairi Calvey
2359,Gerda Stevenson
2360,Angus Macfadyen
2361,James Cosmo
2362,James Robinson
2363,Jack Benny
2364,Stanley Ridges
2365,Sig Ruman
2366,Tom Dugan
2367,Charles Halton
2368,Lionel Atwill
2369,Carole Lombard
2370,Robert Stack
2371,Felix Bressart
2372,Dwight Schultz
2373,Alice Krige
2374,James Cromwell
2375,Anthony Zerbe
2376,Bryan Singer
2377,Alan Dale
2378,Kate Mulgrew
2379,Wil Wheaton
2380,Tom Hardy
2381,Stuart Baird
2382,Robert Carradine
2383,Jean Bell
2384,Murray Moston
2385,Cesare Danova
2386,Amy Robinson
2387,Harvey Keitel
2388,Richard Romanus
2389,Jo Dest
2390,Yves Montand
2391,Folco Lulli
2392,Peter van Eyck
2393,Charles Vanel
2394,Véra Clouzot
2395,Simo Mogwaza
2396,Leleti Khumalo
2397,Sophie Okonedo
2398,Lennox Mathabathe
2399,Neil McCarthy
2400,Fana Mokoena
2401,Ofentse Modiselle
2402,Xolani Mali
2403,Harriet Lenabe
2404,Roberto Citran
2405,Hakeem Kae-Kazim
2406,Tony Kgoroge
2407,Lebo Mashile
2408,Desmond Dube
2409,Kiefer Sutherland
2410,Chris Haywood
2411,Nastassja Kinski
2412,Thomas Heinze
2413,Robert Sean Leonard
2414,Gale Hansen
2415,Alexandra Powers
2416,Leon Pownall
2417,Carla Belver
2418,Norman Lloyd
2419,Dylan Kussman
2420,Josh Charles
2421,James Waterston
2422,Robin Williams
2423,Edita Malovčić
2424,Robert Lohr
2425,Robin Becker
2426,Julia Jäger
2427,Jörg Schüttauf
2428,Edward McWade
2429,James Gleason
2430,Raymond Massey
2431,Grant Mitchell
2432,Priscilla Lane
2433,Cary Grant
2434,Josephine Hull
2435,Garry Owen
2436,Vaughan Glaser
2437,Chester Clute
2438,Hank Mann
2439,Spencer Charters
2440,Lee Phelps
2441,Raymond Walburn
2442,Charles Lane
2443,John Ridgely
2444,Philip Coolidge
2445,Philip Ober
2446,Jessie Royce Landis
2447,Olan Soule
2448,Jesslyn Fax
2449,Tommy Farrell
2450,Lawrence Dobkin
2451,John Damler
2452,Patricia Cutts
2453,Walter Coy
2454,Steve Carruthers
2455,Tol Avery
2456,Adam Williams
2457,Bess Flowers
2458,Jeremy Slate
2459,Ned Glass
2460,Edward Binns
2461,Patrick McVey
2462,Les Tremayne
2463,Edward Platt
2464,Martin Landau
2465,Malcolm Atterbury
2466,Robert Williams
2467,Howard Negley
2468,Harry Strang
2469,Harvey Stephens
2470,Helen Spring
2471,Robert Shayne
2472,Scott Seaton
2473,Frank Wilcox
2474,James McCallion
2475,Alexander Lockwood
2476,Madge Kennedy
2477,Kenner G. Kemp
2478,Stuart Holmes
2479,Leo G. Carroll
2480,Tom Greenway
2481,Alfred Hitchcock
2482,Eva Marie Saint
2483,Dale Van Sickel
2484,Paul Genge
2485,Costas Mandylor
2486,Niamh Wilson
2487,Betsy Russell
2488,J. Larose
2489,Kim Roberts
2490,Bahar Soomekh
2491,Donnie Wahlberg
2492,Lyriq Bent
2493,Tony Nappo
2494,Emmanuelle Vaugier
2495,Beverley Mitchell
2496,Glenn Plummer
2497,Franky G
2498,Noam Jenkins
2499,Erik Knudsen
2500,Tim Burd
2501,Rainer Werner Fassbinder
2502,Walter Sedlmayr
2503,Lilo Pempeit
2504,Marquard Bohm
2505,Elma Karlowa
2506,Irm Hermann
2507,Barbara Valentin
2508,Brigitte Mira
2509,Doris Mattes
2510,Igor Jijikine
2511,Sasha Spielberg
2512,Dean Grimes
2513,Chet Hanks
2514,Helena Barrett
2515,Carlos Linares
2516,Nito Larioza
2517,T. Ryan Mooney
2518,Andrew Divoff
2519,Neil Flynn
2520,Dennis Nusbaum
2521,Pavel Lychnikoff
2522,"Ernie Reyes, Jr."
2523,Shia LaBeouf
2524,Robert Baker
2525,Kevin Collins
2526,Jon Valera
2527,Dimitri Diatchenko
2528,Ilia Volok
2529,Emmanuel Todorov
2530,Venya Manzyuk
2531,Joel Stoffer
2532,Audi Resendez
2533,Philip Gordon
2534,Dick Miller
2535,Marian Green
2536,Marianne Muellerleile
2537,William Wisher Jr.
2538,Franco Columbu
2539,Joe Farago
2540,Hettie Lynne Hurtes
2541,Rick Rossovich
2542,Bess Motta
2543,Lance Henriksen
2544,Earl Boen
2545,Linda Hamilton
2546,Michael Biehn
2547,Brian Thompson
2548,Arnold Schwarzenegger
2549,María Alfonsa Rosso
2550,Carmen Maura
2551,Blanca Portillo
2552,Isabel Ayúcar
2553,Magdalena Brotto
2554,Antonio de la Torre
2555,Pepa Aniorte
2556,Yohana Cobo
2557,María Isabel Díaz
2558,Neus Sanz
2559,Leandro Rivera
2560,Carlos Blanco
2561,Natalia Roig
2562,Eli Iranzo
2563,Concha Galán
2564,Fanny de Castro
2565,Yolanda Ramos
2566,Gail Kobe
2567,Richard Garrick
2568,Ramsay Hill
2569,Earle Hodgins
2570,Julian Rivero
2571,Charles Sherlock
2572,Max Wagner
2573,Ralph Moratz
2574,Lester Dorr
2575,Gil Perkins
2576,Harry Cording
2577,Albert Dekker
2578,Rose Plumer
2579,Nick Dennis
2580,Timothy Carey
2581,Burl Ives
2582,Jo Van Fleet
2583,Richard Davalos
2584,Julie Harris
2585,James Dean
2586,Lonny Chapman
2587,Frank Baker
2588,Robert Foulk
2589,Franklyn Farnum
2590,Barbara Baxley
2591,Jim Backus
2592,Almira Sessions
2593,Nick Adams
2594,Ian Wolfe
2595,Dick Wessel
2596,Corey Allen
2597,House Peters Jr.
2598,Nelson Leigh
2599,Nicholas Ray
2600,Ann Doran
2601,Natalie Wood
2602,Paul Bryar
2603,Dorothy Abbott
2604,Paul Birch
2605,Chuck Hicks
2606,Nigel Bruce
2607,Reginald Denny
2608,George Sanders
2609,Forrester Harvey
2610,Lumsden Hare
2611,Florence Bates
2612,Egon Brecher
2613,Melville Cooper
2614,Gladys Cooper
2615,Billy Bevan
2616,Joan Fontaine
2617,Ewa Ziętek
2618,Zdzisław Kozień
2619,Kazimierz Kaczor
2620,Dorota Stalińska
2621,Krystyna Janda
2622,Jerzy Trela
2623,Maja Komorowska
2624,Wojciech Alaborski
2625,Franciszek Trzeciak
2626,Marian Opania
2627,Marek Kondrat
2628,Andrzej Seweryn
2629,Chloë Sevigny
2630,Alison Folland
2631,Alicia Goranson
2632,Cheyenne Rushing
2633,Brendan Sexton III
2634,Libby Villari
2635,Matt McGrath
2636,Craig Erickson
2637,C. Thomas Howell
2638,Gailard Sartain
2639,Darren Dalton
2640,Leif Garrett
2641,Sofia Coppola
2642,Rob Lowe
2643,Ralph Macchio
2644,Hans Albers
2645,Wilhelm Diegelmann
2646,Gerhard Bienert
2647,Eduard von Winterstein
2648,Emil Jannings
2649,Roland Varno
2650,Charles Puffy
2651,Marlene Dietrich
2652,Billy Barty
2653,Brenda Fowler
2654,Walter Brennan
2655,Dorothy Vernon
2656,Edward Peil Sr.
2657,Torben Meyer
2658,Ted Billings
2659,E.E. Clive
2660,Reginald Barlow
2661,O.P. Heggie
2662,Lucien Prival
2663,Grace Cunard
2664,Douglas Walton
2665,Gavin Gordon
2666,Valerie Hobson
2667,Ernest Thesiger
2668,Colin Clive
2669,Anne Darling
2670,Mark Strong
2671,Akbar Kurtha
2672,Nadim Sawalha
2673,Max Minghella
2674,Jeffrey Wright
2675,Amanda Peet
2676,Alexander Siddig
2677,Kayvan Novak
2678,Amr Waked
2679,Robert Foxworth
2680,Nicky Henson
2681,Jocelyn Quivrin
2682,Jamey Sheridan
2683,Roger Yuan
2684,Nicholas Art
2685,Steven Hinkle
2686,Daisy Tormé
2687,Shahid Ahmed
2688,Diane Lane
2689,Diana Scarwid
2690,Tracey Walter
2691,Michael Higgins
2692,William Smith
2693,Chris Penn
2694,Nicolas Cage
2695,Matt Dillon
2696,Vincent Spano
2697,Laurence Fishburne
2698,Linda Manz
2699,Ken Wahl
2700,Alan Rosenberg
2701,Jim Youngs
2702,Tony Ganios
2703,Dolph Sweet
2704,Val Avery
2705,Hans Heinrich von Twardowski
2706,Conrad Veidt
2707,Friedrich Fehér
2708,Lil Dagover
2709,Werner Krauss
2710,Richard Dreyfuss
2711,John Cusack
2712,Marshall Bell
2713,Corey Feldman
2714,Sophie Lee
2715,Matt Day
2716,Daniel Wyllie
2717,Jeanie Drynan
2718,Roz Hammond
2719,Rachel Griffiths
2720,Toni Collette
2721,Jack McElhone
2722,Therese Bradley
2723,Tilda Swinton
2724,Ewan McGregor
2725,Rory McCann
2726,Ian Hanmore
2727,Pauline Turner
2728,Ewan Stewart
2729,John Marley
2730,Sterling Hayden
2731,Tony King
2732,Richard Bright
2733,Richard Conte
2734,Gabriele Torrei
2735,Simonetta Stefanelli
2736,Saro Urzì
2737,Victor Rendina
2738,Tony Giorgio
2739,Gianni Russo
2740,Talia Shire
2741,Diane Keaton
2742,Salvatore Corsitto
2743,Louis Guss
2744,Tere Livrano
2745,John Martino
2746,Richard S. Castellano
2747,Lenny Montana
2748,Frank Sivero
2749,Tom Rosqui
2750,Morgana King
2751,Al Martino
2752,Rudy Bond
2753,Alex Rocco
2754,Joseph Medaglia
2755,Tony Lip
2756,Ron Gilbert
2757,Lou Martini Jr.
2758,Carmine Coppola
2759,John Cazale
2760,Julie Gregg
2761,Roman Coppola
2762,Vito Scotti
2763,Angelo Infanti
2764,Franco Citti
2765,Carl Sklover
2766,Sandra Warner
2767,Tom Kennedy
2768,Joe Gray
2769,Tito Vuolo
2770,Jack Mather
2771,Laurie Mitchell
2772,Duke Fishman
2773,Edward G. Robinson Jr.
2774,Barbara Drew
2775,Beverly Wills
2776,Dave Barry
2777,George E. Stone
2778,Billy Gray
2779,Joan Shawlee
2780,Paul Frees
2781,Nehemiah Persoff
2782,Joe E. Brown
2783,Pat O’Brien
2784,George Raft
2785,Jack Lemmon
2786,Tony Curtis
2787,Marilyn Monroe
2788,Marian Collier
2789,James Dime
2790,John Indrisano
2791,James Caan
2792,Saveria Mazzola
2793,Bruno Kirby
2794,Tito Alba
2795,William Bowers
2796,Peter Donat
2797,Tom Dahlgren
2798,G.D. Spradlin
2799,Gary Kurtz
2800,Connie Mason
2801,Frank Pesce
2802,Richard Matheson
2803,John Megna
2804,Jay Rasumny
2805,Shô Kosugi
2806,Giuseppe Sillato
2807,Gastone Moschin
2808,Oreste Baldini
2809,Francesca De Sapio
2810,Michael V. Gazzo
2811,Ezio Flagello
2812,Johnny Naranjo
2813,John Aprea
2814,Dominic Chianese
2815,Fay Spain
2816,Nick Discenza
2817,Lee Strasberg
2818,Troy Donahue
2819,Mario Cotone
2820,Carmine Caridi
2821,Marianna Hill
2822,James Gounaris
2823,Sho Kosugi
2824,Harry Dean Stanton
2825,Roger Corman
2826,Abe Vigoda
2827,Carmine Foresta
2828,Ivonne Coll
2829,Steven Wright
2830,Pruitt Taylor Vince
2831,Juliette Lewis
2832,Sean Stone
2833,Robert Downey Jr.
2834,Russell Means
2835,Tom Sizemore
2836,Woody Harrelson
2837,Jared Harris
2838,Maria Pitillo
2839,Dale Dye
2840,Richard Lineback
2841,Joe Grifasi
2842,Peter Crombie
2843,Lorraine Farris
2844,Jeremiah Bitsui
2845,Red West
2846,Balthazar Getty
2847,Emmanuel Xuereb
2848,Salvator Xuereb
2849,Saemi Nakamura
2850,Jamie Harrold
2851,Matthew Faber
2852,Edward Conna
2853,Josh Richman
2854,Ed White
2855,Kirk Baltz
2856,Lanny Flaherty
2857,Evan Handler
2858,George Hamilton
2859,Eli Wallach
2860,Helmut Berger
2861,Willie Brown
2862,Don Novello
2863,John Savage
2864,Mario Donatone
2865,Vittorio Duse
2866,Enzo Robutti
2867,Robert Cicchini
2868,Mickey Knox
2869,Raf Vallone
2870,Michele Russo
2871,Joelle Carter
2872,K. K. Dodds
2873,Aaron Himelstein
2874,Bruce Springsteen
2875,Sara Gilbert
2876,Natasha Gregson Wagner
2877,Lisa Bonet
2878,Drake Bell
2879,David Darlow
2880,Todd Louiso
2881,Joan Cusack
2882,Alex Désert
2883,Polly Noonan
2884,Scott A. Martin
2885,Chris Bauer
2886,Bruce Cabot
2887,Frank Reicher
2888,Sam Hardy
2889,Robert Armstrong
2890,Noble Johnson
2891,Bill Williams
2892,Merian C. Cooper
2893,James Flavin
2894,Fay Wray
2895,Susannah Doyle
2896,Joanne Petitt
2897,Cathy Murphy
2898,Claire Harman
2899,Fritha Goodey
2900,Annabelle Apsion
2901,Jenny Galloway
2902,Sian Martin
2903,Delma Walsh
2904,Victoria Smurfit
2905,Nicholas Hutchison
2906,Nicholas Hoult
2907,Augustus Prew
2908,Hugh Grant
2909,Rachel Weisz
2910,Paulette P. Williams
2911,Sharon Small
2912,Denise Stephenson
2913,Natalia Tena
2914,Isabel Brook
2915,Tadanobu Asano
2916,Yui Natsukawa
2917,Ittoku Kishibe
2918,Takeshi Kitano
2919,Richard Reeves
2920,Vince Edwards
2921,Harry Hines
2922,Jay C. Flippen
2923,Elisha Cook Jr.
2924,Rodney Dangerfield
2925,William Benedict
2926,Coleen Gray
2927,James Griffith
2928,Jay Adler
2929,James Edwards
2930,Marie Windsor
2931,Bette Davis
2932,Ellen Corby
2933,Jay Novello
2934,Thomas Mitchell
2935,Frank Ferguson
2936,Willis Bouchey
2937,Fritz Feld
2938,Doodles Weaver
2939,Paul E. Burns
2940,Marc Cavell
2941,Jerome Cowan
2942,Kermit Maynard
2943,Byron Foulger
2944,Tom Fadden
2945,Mickey Shaughnessy
2946,David Brian
2947,Sheldon Leonard
2948,Ann-Margret
2949,Barton MacLane
2950,John Litel
2951,Jack Elam
2952,Mike Mazurki
2953,Hayden Rorke
2954,Peter Brocco
2955,Heather Fairfield
2956,Marianne Sägebrecht
2957,Michael Douglas
2958,Philip Perlman
2959,Patricia Allison
2960,Gloria Cromwell
2961,Mary Fogarty
2962,Kathleen Turner
2963,Dan Castellaneta
2964,Søren Sætter-Lassen
2965,Kim Bodnia
2966,Tomas Villum Jensen
2967,Preben Harris
2968,Slavko Labović
2969,Trine Dyrholm
2970,Dejan Čukić
2971,Rick Aviles
2972,Vincent Schiavelli
2973,Demi Moore
2974,Tony Goldwyn
2975,Peter Capell
2976,Tim Brooke-Taylor
2977,Michael Goodliffe
2978,Kurt Großkurth
2979,Malcolm Dixon
2980,Günter Meisner
2981,Nora Denney
2982,Denise Nickerson
2983,Leonard Stone
2984,Julie Dawn Cole
2985,Gene Wilder
2986,Jack Albertson
2987,Peter Ostrum
2988,Roy Kinnear
2989,David Hedison
2990,Lois Maxwell
2991,Tommy Lane
2992,Earl Jolly Brown
2993,Lon Satton
2994,Madeline Smith
2995,Gloria Hendry
2996,Bernard Lee
2997,Jane Seymour
2998,Julius Harris
2999,Roger Moore
3000,Yaphet Kotto
3001,Tom Hobbs
3002,David Pittu
3003,Samuel Taylor
3004,Chic Littlewood
3005,William Wallace
3006,Jim Knobeloch
3007,William Johnson
3008,Naomi Watts
3009,Mark Hadlow
3010,Geraldine Brophy
3011,David Dennis
3012,Kyle Chandler
3013,Craig Hall
3014,John Wraight
3015,Lobo Chan
3016,John Sumner
3017,Evan Parke
3018,Colin Hanks
3019,Thomas Kretschmann
3020,Adrien Brody
3021,Albert Simono
3022,Roger Trapp
3023,François Darbon
3024,Jacques Rispal
3025,Chantal Banlier
3026,Paul Pavel
3027,Serge Rousseau
3028,Martine Ferrière
3029,Catherine Lutz
3030,André Falcon
3031,Harry-Max
3032,Claire Duhamel
3033,Daniel Ceccaldi
3034,Marcel Berbert
3035,Delphine Seyrig
3036,Claude Jade
3037,Jacques Delord
3038,Marie-France Pisier
3039,Michael Heath
3040,Paul Brooke
3041,Jamie Foreman
3042,Edward Hardwicke
3043,Leanne Rowe
3044,Ian McNeice
3045,Andy Linden
3046,Teresa Churcher
3047,Jake Curran
3048,Jeremy Swift
3049,Nick Stringer
3050,Gillian Hanna
3051,Patrick Godfrey
3052,Ophelia Lovibond
3053,Andy de la Tour
3054,Richard Durden
3055,Peter Copley
3056,Gerard Horan
3057,Billy Kearns
3058,Pierre Fabre
3059,Danièle Girard
3060,Jacques Robiolles
3061,Jacques Jouanneau
3062,Hiroko Berghauer
3063,Daniel Boulanger
3064,François Truffaut
3065,Philippe Léotard
3066,Barbara Laage
3067,Silvana Blasi
3068,Dani
3069,Dorothée
3070,Daniel Mesguich
3071,Julien Bertheau
3072,Wylie Watson
3073,Frank Cellier
3074,Helen Haye
3075,Frederick Piper
3076,Godfrey Tearle
3077,Lucie Mannheim
3078,Madeleine Carroll
3079,Robert Donat
3080,John Laurie
3081,Paul Newman
3082,Elizabeth Taylor
3083,Larry Gates
3084,Vaughn Taylor
3085,Madeleine Sherwood
3086,Jack Carson
3087,Tony Randall
3088,Victor Borge
3089,Ellen Foley
3090,Joe Strummer
3091,Charles Scorsese
3092,Paul Simonon
3093,Ed Herlihy
3094,Ray Dittrich
3095,Liza Minnelli
3096,Joyce Brothers
3097,Frederick de Cordova
3098,Ralph Monaco
3099,Cathy Scorsese
3100,Shelley Hack
3101,Jerry Lewis
3102,Loretta Tupper
3103,Sandra Bernhard
3104,Erik Schumann
3105,Hanna Schygulla
3106,Rudolf Lenz
3107,Elisabeth Volkmann
3108,Helen Vita
3109,Adrian Hoven
3110,Gottfried John
3111,Raúl Gimenez
3112,Willy Harlander
3113,Mel Ferrer
3114,Christine Kaufmann
3115,Giancarlo Giannini
3116,Karin Baal
3117,Michel Piccoli
3118,Jack Palance
3119,Brigitte Bardot
3120,Fritz Lang
3121,Raoul Coutard
3122,Jean-Luc Godard
3123,Giorgia Moll
3124,Francesca Neri
3125,Javier Bardem
3126,Alex Angulo
3127,Pilar Bardem
3128,José Sancho
3129,Liberto Rabal
3130,Ángela Molina
3131,Edwin Craig
3132,Michael Gough
3133,Pat Hingle
3134,Billy Dee Williams
3135,Robert Wuhl
3136,Jerry Hall
3137,Lee Wallace
3138,Richard Strange
3139,Vincent Wong
3140,Jean-Paul Belmondo
3141,Jean Seberg
3142,Jean-Pierre Melville
3143,Jean-Louis Richard
3144,Van Doude
3145,Claude Mansard
3146,Richard Balducci
3147,Roger Hanin
3148,Liliane Dreyfus
3149,Raymond Huntley
3150,Henri-Jacques Huet
3151,Lena Nyman
3152,Per Oscarsson
3153,Allan Edwall
3154,Börje Ahlstedt
3155,Leon Delroy Williams
3156,Dan Poole
3157,Joe Hanley
3158,Karl Shiels
3159,Roger Griffiths
3160,Stephen Walters
3161,Richard Laing
3162,Matt Miller
3163,Risteard Cooper
3164,Jeremy Theobald
3165,Alexandra Bastedo
3166,John Judd
3167,Soo Hee Ding
3168,Phill Curr
3169,Sarah Wateridge
3170,Charlie Kranz
3171,Terry McMahon
3172,Cedric Young
3173,Tim Booth
3174,Tom Nolan
3175,Joe Sargent
3176,Mel Taylor
3177,Jordan Shaw
3178,Ilyssa Fradin
3179,Gerard Murphy
3180,Jack Gleeson
3181,T.J. Ramini
3182,Noah Lee Margetts
3183,Kieran Hurley
3184,Emily Steven-Daly
3185,Liam Neeson
3186,Joey Ansah
3187,Katie Holmes
3188,Dean Alexandrou
3189,Chike Chan
3190,Jamie Hayden
3191,David Murray
3192,Darragh Kelly
3193,John Kazek
3194,Joseph Rye
3195,Kwaku Ankomah
3196,Jo Martin
3197,Charles Edwards
3198,Lucy Russell
3199,Mark Straker
3200,Timothy Deenihan
3201,Flavia Masetto
3202,Linus Roache
3203,Fabio Cardascia
3204,Omar Mostafa
3205,Nadia Cameron-Blakey
3206,Dominic Burgess
3207,David Bedella
3208,Catherine Porter
3209,Earlene Bentley
3210,Alex Moggridge
3211,Rory Campbell
3212,Poppy Tierney
3213,Spencer Wilding
3214,Mark Smith
3215,Khan Bonfils
3216,Ruben Halse
3217,Том Ву
3218,James Embree
3219,Gil Kolirin
3220,Sara Stewart
3221,Richard Brake
3222,Emma Lockhart
3223,Christine Adams
3224,Andrew Pleavin
3225,Ronan Leahy
3226,Jonathan D. Ellis
3227,Jane Osborn
3228,John Nolan
3229,Tenzin Clive Ball
3230,John Burke
3231,Jeff Christian
3232,Sai-Kit Yung
3233,Gus Lewis
3234,Rade Serbedzija
3235,Jon Foo
3236,Emil Martirossian
3237,Turbo Kong
3238,Tenzin Gyurme
3239,Mark Strange
3240,Karen David
3241,Mark Chiu
3242,Russell Wilcox
3243,Lasco Atkins
3244,Rick Avery
3245,Tommy Gunn
3246,Katharina Schüttler
3247,Patrick Joswig
3248,Daniel Brühl
3249,Buzz Kilman
3250,Andre B. Blake
3251,John W. Iwanonkiw
3252,Tommy Lafitte
3253,George A. Romero
3254,Chris Isaak
3255,Ted Monte
3256,Brooke Smith
3257,Anthony Hopkins
3258,Stuart Rudin
3259,Kenneth Utt
3260,Adelle Lutz
3261,Obba Babatundé
3262,Cynthia Ettinger
3263,Don Brockett
3264,Anthony Heald
3265,Paul Lazar
3266,Dan Butler
3267,Alex Coleman
3268,Charles Napier
3269,Ron Vawter
3270,Brent Hinkley
3271,Frankie Faison
3272,Kasi Lemmons
3273,Diane Baker
3274,Harve Presnell
3275,William H. Macy
3276,Frances McDormand
3277,Tony Denman
3278,Gary Houston
3279,John Carroll Lynch
3280,Steve Reevis
3281,Steve Park
3282,Melissa Peterman
3283,Kristin Rudrüd
3284,Petra Zieser
3285,Julia Jentsch
3286,Stipe Erceg
3287,Burghart Klaußner
3288,Oliver Bröcker
3289,Peer Martiny
3290,Claudio Caiolo
3291,Hanns Zischler
3292,Kate Beckinsale
3293,Michael Sheen
3294,Shane Brolly
3295,Erwin Leder
3296,Sophia Myles
3297,Wentworth Miller
3298,Kevin Grevioux
3299,Zita Görög
3300,Richard Cetrone
3301,Mike Mukatis
3302,Dennis J. Kozeluh
3303,Todd Schneider
3304,Sándor Bolla
3305,Hank Amos
3306,Zsuzsa Barsi
3307,Andreas Patton
3308,Danny McBride
3309,Jázmin Dammak
3310,Scott McElroy
3311,Vanessa Nagy
3312,Judit Kuchta
3313,Brian Steele
3314,Actor Sergio Kato
3315,Bob Gunton
3316,Clancy Brown
3317,Mark Rolston
3318,James Whitmore
3319,Gil Bellows
3320,William Sadler
3321,Joseph Ragno
3322,Neil Giuntoli
3323,Brian Libby
3324,James Babson
3325,Brian Delate
3326,Jeffrey DeMunn
3327,Mack Miles
3328,Frank Medrano
3329,Alfonso Freeman
3330,Don McManus
3331,John Horton
3332,Scott Mann
3333,Dorothy Silver
3334,Dion Anderson
3335,Paul McCrane
3336,Karel Effa
3337,Cynthia Nixon
3338,Douglas Seale
3339,Zdeněk Mahler
3340,Nicholas Kepros
3341,Dana Vávrová
3342,Pavel Nový
3343,Jitka Molavcová
3344,Jan Kuželka
3345,Jiří Krytinář
3346,Brian Pettifer
3347,John Carrafa
3348,Miriam Chytilová
3349,Charles Kay
3350,Lisbeth Bartlett
3351,Elizabeth Berridge
3352,Christine Ebersole
3353,Barbara Bryne
3354,Simon Callow
3355,Tom Hulce
3356,Jeffrey Jones
3357,Roy Dotrice
3358,DeVaughn Nixon
3359,Don Lake
3360,Jim Palmer
3361,Joe Morton
3362,Xander Berkeley
3363,Danny Cooksey
3364,Nikki Cox
3365,Dean Norris
3366,Terrence Evans
3367,Nancy Fish
3368,Randy Walker
3369,Scott Shaw
3370,S. Epatha Merkerson
3371,Castulo Guerra
3372,Brigitte Bako
3373,Joe Urla
3374,Josef Sommer
3375,Richard Edson
3376,Kelly Hu
3377,Ralph Fiennes
3378,Michael Wincott
3379,Shirley MacLaine
3380,Fred MacMurray
3381,Ray Walston
3382,Jack Kruschen
3383,David Lewis
3384,Bill Baldwin
3385,Edie Adams
3386,David White
3387,Willard Waterman
3388,Joyce Jameson
3389,Johnny Seven
3390,Naomi Stevens
3391,Lynn Cartwright
3392,Hope Holiday
3393,Dominic Scott Kay
3394,David Meunier
3395,Philipp Lahm
3396,Susan Sarandon
3397,Trey Wilson
3398,Danny Gans
3399,George Buck
3400,Jenny Robertson
3401,Lee Van Cleef
3402,Gary Cooper
3403,Morgan Farley
3404,Ian MacDonald
3405,Harry Morgan
3406,Grace Kelly
3407,Otto Kruger
3408,Katy Jurado
3409,Lloyd Bridges
3410,Eve McVeagh
3411,Lon Chaney Jr.
3412,Charles Soldani
3413,James Millican
3414,William Newell
3415,Nolan Leary
3416,Dick Elliott
3417,Paul Dubov
3418,Cliff Clark
3419,Virginia Christine
3420,Lee Aaker
3421,Kansas Moehring
3422,Ben Corbett
3423,Larry J. Blake
3424,Ted Stanhope
3425,John Doucette
3426,Sheb Wooley
3427,Howland Chamberlain
3428,Oliver Blake
3429,Joy Page
3430,Dooley Wilson
3431,Sydney Greenstreet
3432,S.Z. Sakall
3433,Claude Rains
3434,Paul Henreid
3435,Dick Botiller
3436,Madeleine Lebeau
3437,Ingrid Bergman
3438,Frank Puglia
3439,Sebastian Cabot
3440,Georges Renavent
3441,Dan Seymour
3442,Ludwig Stössel
3443,Monte Blue
3444,Norma Varden
3445,Leo White
3446,Humphrey Bogart
3447,Eugene Borden
3448,Corinna Mura
3449,Tex Cooper
3450,Helmut Dantine
3451,Gregory Gaye
3452,Creighton Hale
3453,Olaf Hytten
3454,George J. Lewis
3455,Alberto Morin
3456,Michael Lerner
3457,Tony Shalhoub
3458,John Mahoney
3459,Richard Portnow
3460,Christopher Murney
3461,I.M. Hobson
3462,Kelly Slater
3463,Buzzy Kerbox
3464,Laird Hamilton
3465,Common
3466,Wyclef Jean
3467,Lauryn Hill
3468,Yasiin Bey
3469,Erykah Badu
3470,Dave Chappelle
3471,Tiffany Limos
3472,Kanye West
3473,Craig Sheffer
3474,Tom Skerritt
3475,Edie McClurg
3476,Stephen Shellen
3477,Susan Traylor
3478,Nicole Burdette
3479,Brenda Blethyn
3480,Emily Lloyd
3481,Helen Shaver
3482,Audra Lindley
3483,Gwen Welles
3484,James Staley
3485,Dean Butler
3486,Alex McArthur
3487,Patricia Charbonneau
3488,Chris Hardwick
3489,Moira Harris
3490,Chopper Bernet
3491,Mark Famiglietti
3492,David Andrews
3493,Kristanna Loken
3494,Claire Danes
3495,Jake Weber
3496,Marcia Gay Harden
3497,Jeffrey Tambor
3498,Claire Forlani
3499,David Paymer
3500,Julian Sands
3501,Nancy Stelle
3502,Ellen Barkin
3503,Céline Dion
3504,Bob Einstein
3505,Kari Hawker-Diaz
3506,Angel Oquendo
3507,Frank Sinatra
3508,Dean Martin
3509,Akim Tamiroff
3510,Norman Fell
3511,"Sammy Davis, Jr."
3512,Peter Lawford
3513,Angie Dickinson
3514,Allen Jenkins
3515,Hoot Gibson
3516,Ilka Chase
3517,Cesar Romero
3518,Patrice Wymore
3519,Red Skelton
3520,Murray Alper
3521,Alain Chabat
3522,Emma de Caunes
3523,Miou-Miou
3524,Aurélia Petit
3525,Charlotte Gainsbourg
3526,Pierre Vaneck
3527,Stéphane Metzger
3528,Yvette Petit
3529,Sacha Bourdo
3530,Gordon Mitchell
3531,Bing Russell
3532,Bob Steele
3533,Ricky Nelson
3534,Ward Bond
3535,John Russell
3536,Pedro Gonzalez Gonzalez
3537,Estelita Rodriguez
3538,Claude Akins
3539,Walter Barnes
3540,Noble Chissell
3541,Myron Healey
3542,Riley Hill
3543,Cactus Mack
3544,Yakima Canutt
3545,Eugene Iglesias
3546,John Wayne
3547,Ted White
3548,Frank Mills
3549,Nesdon Booth
3550,Robert Donner
3551,Charlotte Rampling
3552,Ludivine Sagnier
3553,Jean-Claude Lecas
3554,Michel Fau
3555,Jean-Marie Lamour
3556,Charles Dance
3557,Emilie Gavois-Kahn
3558,Antonio Moreno
3559,Louis Calhern
3560,Friedrich von Ledebur
3561,Lenore Ulric
3562,Harry Hayden
3563,Eddie Bruce
3564,Charles D. Brown
3565,Virginia Gregg
3566,Bea Benaderet
3567,Fay Baker
3568,Wally Brown
3569,Emmett Vogan
3570,John Vosper
3571,George Lynn
3572,Aileen Carlyle
3573,Ben Erway
3574,Elizabeth Wilson
3575,Leopoldine Konstantin
3576,Reinhold Schünzel
3577,Ivan Triesault
3578,Moroni Olsen
3579,Francis McDonald
3580,Timothy Carhart
3581,Arthur Hiller
3582,Ray Harryhausen
3583,Heather Elizabeth Parkhurst
3584,Julie Strain
3585,Ousaun Elam
3586,Jimmy Ortega
3587,Joey Travolta
3588,Jon Tenney
3589,Judge Reinhold
3590,John Saxon
3591,Theresa Randle
3592,Joe Dante
3593,Anna Magnani
3594,Nando Bruno
3595,Aldo Fabrizi
3596,Alexis Dziena
3597,Sharon Stone
3598,Jessica Lange
3599,Frances Conroy
3600,Mark Webber
3601,Christopher McDonald
3602,Ryan Donowho
3603,Nicole Abisinio
3604,Pell James
3605,Therese Glahn
3606,Bjarne Henriksen
3607,Helle Dolleris
3608,Lars Brygmann
3609,Ulrich Thomsen
3610,Henning Moritzen
3611,Thomas Bo Larsen
3612,Thomas Vinterberg
3613,Jennifer Aniston
3614,Philip Baker Hall
3615,Paul Satterfield
3616,Nora Dunn
3617,Catherine Bell
3618,Steve Carell
3619,Bruno Bilotta
3620,Darlanne Fluegel
3621,Jennifer Connelly
3622,Scott Schutzman Tiler
3623,Rusty Jacobs
3624,Brian Bloom
3625,Frank Gio
3626,Olga Karlatos
3627,Tuesday Weld
3628,Richard Foronjy
3629,Louise Fletcher
3630,Mario Brega
3631,Elizabeth McGovern
3632,Joe Pesci
3633,Burt Young
3634,Howie Seago
3635,Emmanuelle Laborit
3636,Sylvie Testud
3637,Sibylle Canonica
3638,Matthias Habich
3639,Hansa Czypionka
3640,Stephan Kampwirth
3641,Tatjana Trieb
3642,Horst Sachtleben
3643,Emily Hampshire
3644,Sigourney Weaver
3645,James Allodi
3646,Julie Stewart
3647,Jayne Eastwood
3648,Susan Coyne
3649,Jackie Brown
3650,Alan Rickman
3651,Alex Borstein
3652,Ona Grauer
3653,Benjamin Bratt
3654,Halle Berry
3655,Michael Massee
3656,Byron Mann
3657,Christopher Heyerdahl
3658,Michael Daingerfield
3659,John Mann
3660,Dagmar Midcap
3661,Judith Maxie
3662,Kim Smith
3663,Diego Diablo Del Mar
3664,John Cassini
3665,Ryan Robbins
3666,Aaron Douglas
3667,Peter Williams
3668,Janet Varney
3669,Brooke Theiss
3670,Michasha Armstrong
3671,James Ashcroft
3672,Larry Sullivan
3673,Benita Ha
3674,Jill Krop
3675,Herbert Duncanson
3676,Lori Fung
3677,Everjoy Kriekenbeek
3678,Missy Peregrym
3679,Angie Jaree
3680,Patricia Mayen-Salazar
3681,Landy Cannon
3682,Connor Dunn
3683,Berend McKenzie
3684,Michael P. Northey
3685,Anne Fletcher
3686,Holly Eglinton
3687,Brett Chan
3688,Alisoun Payne
3689,Ursula Haczkiewicz
3690,Peter Wingfield
3691,Tura Satana
3692,Haji
3693,Sue Bernard
3694,Paul Trinka
3695,John Furlong
3696,Lori Williams
3697,Steffi Kühnert
3698,Gabriela Maria Schmeide
3699,Axel Prahl
3700,Ermin Bravo
3701,Mirjana Karanović
3702,Luna Mijovic
3703,Leon Lučev
3704,Dejan Aćimović
3705,Bogdan Diklić
3706,Donal Logue
3707,Ezra Buzzington
3708,Charlayne Woodard
3709,Gloria Stuart
3710,Tom Bower
3711,Frederique van der Wal
3712,Conrad Roberts
3713,Jimmy Smits
3714,Bud Cort
3715,Tito Larriva
3716,Jeremy Davies
3717,Roger Stoneburner
3718,Erik Rondell
3719,Bono
3720,Monty Bane
3721,David Stifel
3722,Paul Bates
3723,Frank Adonis
3724,Michael Beach
3725,Paul Ben-Victor
3726,Kevin Corrigan
3727,Gregory Sporleder
3728,Said Faraj
3729,Eric Allan Kramer
3730,John Cenatiempo
3731,Dennis Garber
3732,Val Kilmer
3733,Ed Lauter
3734,Michael Rapaport
3735,Patricia Arquette
3736,Christopher Walken
3737,James Gandolfini
3738,Maura Tierney
3739,Martin Donovan
3740,Paul Dooley
3741,Kerry Sandomirsky
3742,Emily Perkins
3743,Lorne Cardinal
3744,Katharine Isabelle
3745,Jonathan Jackson
3746,Paula Shaw
3747,James Hutson
3748,Tasha Simms
3749,Chris Gauthier
3750,Ian Tracey
3751,Kate Robbins
3752,Crystal Lowe
3753,Jay Brazeau
3754,Paul Sorvino
3755,Ginette Reno
3756,Luke Kirby
3757,Sophie Lorain
3758,Claudia Ferri
3759,Michel Perron
3760,Peter Miller
3761,Mary Walsh
3762,Tim Post
3763,Tara Nicodemo
3764,Pierrette Robitaille
3765,Mark Camacho
3766,Dino Tavarone
3767,Kevin Chapman
3768,Emmy Rossum
3769,Tom Guiry
3770,Robert Wahlberg
3771,John Doman
3772,Cameron Bowen
3773,Kevin Bacon
3774,Jonathan Togo
3775,Tori Davis
3776,Cayden Boyd
3777,Connor Paolo
3778,Adam Nelson
3779,Kenan Thompson
3780,Gerard Plunkett
3781,Casey Dubois
3782,Nathan Phillips
3783,Rachel Blanchard
3784,Keith Dallas
3785,Lin Shaye
3786,Julianna Margulies
3787,Sunny Mabrey
3788,Bobby Cannavale
3789,David Koechner
3790,Mark Houghton
3791,Emily Holmes
3792,Elsa Pataky
3793,Terry Chen
3794,James Shigeta
3795,Tatyana Ali
3796,Omar Epps
3797,Claude Maki
3798,Susumu Terajima
3799,Masaya Kato
3800,Ryo Ishibashi
3801,Lombardo Boyar
3802,Royale Watkins
3803,Gerald R. Molen
3804,Joseph Mazzello
3805,Miguel Sandoval
3806,BD Wong
3807,Martin Ferrero
3808,Ariana Richards
3809,Cameron Thor
3810,Whit Hertford
3811,Jophery C. Brown
3812,Greg Burson
3813,Richard Kiley
3814,Laura Burnett
3815,Gary Rodriguez
3816,Richard Attenborough
3817,Jeff Goldblum
3818,Laura Dern
3819,Sam Neill
3820,Christopher John Fields
3821,Brad M. Bucklin
3822,Bob Peck
3823,Ian Abercrombie
3824,Vince Vaughn
3825,Arliss Howard
3826,Vanessa Lee Chester
3827,Harvey Jason
3828,Richard Schiff
3829,Thomas F. Duffy
3830,Colton James
3831,Eli Roth
3832,"Thomas Rosales, Jr."
3833,Camilla Belle
3834,Steven Spielberg
3835,Brian Turk
3836,Pete Postlethwaite
3837,Trevor Morgan
3838,Alessandro Nivola
3839,John Diehl
3840,Bruce A. Young
3841,Taylor Nichols
3842,Julio Oscar Mechoso
3843,Blake Michael Bryan
3844,Sarah Danielle Madison
3845,Téa Leoni
3846,Mark Harelik
3847,Frances Bay
3848,D. L. Hughley
3849,Rene Auberjonois
3850,Rupert Everett
3851,Joely Fisher
3852,Andy Dick
3853,Dabney Coleman
3854,Mike Hagerty
3855,Cheri Oteri
3856,Richard Kiel
3857,Matthew Broderick
3858,Michelle Trachtenberg
3859,Mr. T
3860,Dina Pathak
3861,Jessica Paré
3862,Jazz Mann
3863,Ranjit Chowdhry
3864,Kulbhushan Kharbanda
3865,Moushumi Chatterjee
3866,Lisa Ray
3867,Rahul Khanna
3868,Felicity Huffman
3869,Melinda Dillon
3870,Pat Healy
3871,Thomas Jane
3872,Veronica Hart
3873,Henry Gibson
3874,April Grace
3875,Jason Robards
3876,John C. Reilly
3877,Patton Oswalt
3878,Orlando Jones
3879,Ricky Jay
3880,Miriam Margolyes
3881,Luis Guzmán
3882,Michael Murphy
3883,Melora Walters
3884,Clark Gregg
3885,Henry Fonda
3886,Frank Wolff
3887,Paolo Stoppa
3888,Gabriele Ferzetti
3889,Charles Bronson
3890,Claudia Cardinale
3891,Keenan Wynn
3892,Lionel Stander
3893,Franco Graziosi
3894,Antoine Saint-John
3895,Romolo Valli
3896,James Coburn
3897,Maria Monti
3898,Giulio Battiferri
3899,Rik Battaglia
3900,Corrado Solari
3901,Poldo Bendandi
3902,Isabelle Adjani
3903,Mata Gabin
3904,Anne Suarez
3905,Gilbert Melki
3906,Guillaume Gallienne
3907,Manuel Le Lièvre
3908,Omar Sharif
3909,Lola Naymark
3910,Isabelle Renauld
3911,Pierre Boulanger
3912,Florian Lukas
3913,Jürgen Vogel
3914,Christine Schorn
3915,Hans-Uwe Bauer
3916,Maria Simon
3917,Chulpan Khamatova
3918,Alexander Beyer
3919,Katrin Sass
3920,Eija Vilpas
3921,Kari Väänänen
3922,Paolo Bonacelli
3923,Roberto Benigni
3924,Béatrice Dalle
3925,Gena Rowlands
3926,Rosie Perez
3927,Giancarlo Esposito
3928,Alan Randolph Scott
3929,Lisanne Falk
3930,Boris Leskin
3931,Jonathan Safran Foer
3932,Eugene Hutz
3933,Hanno Koffler
3934,Alexa Maria Surholt
3935,Marlon Kittel
3936,Jürgen Tonkel
3937,Alicja Bachleda-Curuś
3938,Kostja Ullmann
3939,Robert Stadlober
3940,Jeff Fischer
3941,Vivian Pickles
3942,Ellen Geer
3943,Charles Tyner
3944,Eric Christmas
3945,Ruth Gordon
3946,Cyril Cusack
3947,Detlef Bothe
3948,Jochen Nickel
3949,Christian Kahrmann
3950,Sabine Kaack
3951,Monica Nancy Wick
3952,Ömer Simsek
3953,Alexandra Neldel
3954,Diether Krebs
3955,Oliver Korittke
3956,Hilmi Sözer
3957,Ingolf Lück
3958,Vinessa Shaw
3959,Alan Cumming
3960,Marie Richardson
3961,Leon Vitali
3962,Todd Field
3963,Sky du Mont
3964,Madison Eginton
3965,Jackie Sawiris
3966,Sydney Pollack
3967,Peter Benson
3968,Kichijirô Ueda
3969,Haruo Nakajima
3970,Toshirō Mifune
3971,Shôichi Hirose
3972,Takashi Shimura
3973,Tatsuya Nakadai
3974,Keiko Tsushima
3975,Minoru Chiaki
3976,Hiroshi Hayashi
3977,Seiji Miyaguchi
3978,Bokuzen Hidari
3979,Kamatari Fujiwara
3980,Daisuke Katô
3981,Isao Kimura
3982,Yoshio Tsuchiya
3983,Kokuten Kôdô
3984,Yoshio Kosugi
3985,Ken Utsui
3986,Eijirô Tôno
3987,Jun Tatara
3988,Isao Yamagata
3989,Atsushi Watanabe
3990,Toranosuke Ogawa
3991,Yoshio Inaba
3992,Takeshi Katô
3993,Valeska Gert
3994,Heinrich Gretler
3995,Bolaji Badejo
3996,Veronica Cartwright
3997,Helen Horton
3998,Jacques Bonnaffé
3999,Valeria Bruni Tedeschi
4000,Sabrina Seyvecou
4001,Edouard Collin
4002,Stephanie Szostak
4003,Ivanka Trump
4004,Meryl Streep
4005,Ines Rivero
4006,David Marshall Grant
4007,Tracie Thoms
4008,Simon Baker
4009,Adrian Grenier
4010,Daniel Sunjata
4011,Emily Blunt
4012,Gisele Bündchen
4013,Rich Sommer
4014,Alyssa Sutherland
4015,Rebecca Mader
4016,Heidi Klum
4017,Mehmet Kurtulus
4018,Mona Mur
4019,Aysel Iscan
4020,Cem Akin
4021,Hermann Lause
4022,Tim Seyfi
4023,Tugay Erverdi
4024,Tulga Serim
4025,Feridun Koc
4026,Selim Erdoğan
4027,Zarah Jane McKenzie
4028,Orhan Güner
4029,Maceo Parker
4030,Ralph Misske
4031,Birol Ünel
4032,Sibel Kekilli
4033,Catrin Striebeck
4034,Philipp Baltus
4035,Demir Gökgöl
4036,Stefan Gebelhoff
4037,Meltem Cumbul
4038,Güven Kıraç
4039,Adam Bousdoukos
4040,İdil Üner
4041,Cristi Conaway
4042,Chris Tashima
4043,Ronee Blakley
4044,Heather Langenkamp
4045,Amanda Wyss
4046,Robert Englund
4047,Ash Adams
4048,Joe Unger
4049,Shashawnee Hall
4050,William Forsythe
4051,John McConnell
4052,Sam Raimi
4053,Gabriel Byrne
4054,Mike Starr
4055,Al Mancini
4056,Olek Krupa
4057,J.E. Freeman
4058,Barry Levinson
4059,Lynne Marie Stewart
4060,Jonathan Stark
4061,Reni Santoni
4062,Archie Hahn
4063,Michael D. Roberts
4064,Ray Baker
4065,Jake Hoffman
4066,Kim Robillard
4067,Bonnie Hunt
4068,Lucinda Jenney
4069,Royce D. Applegate
4070,Ralph Seymour
4071,Dustin Hoffman
4072,Jack Murdock
4073,Brigitte Auber
4074,John Williams
4075,Jean Martinelli
4076,Georgette Anys
4077,René Blancard
4078,Martin May
4079,Bernd Tauber
4080,Martin Semmelrogge
4081,Hubertus Bengsch
4082,Klaus Wennemann
4083,Jean-Claude Hoffmann
4084,Rita Cadillac
4085,Lutz Schnell
4086,Konrad Becker
4087,Uwe Ochsenknecht
4088,Herbert Grönemeyer
4089,Jan Fedder
4090,Claude-Oliver Rudolph
4091,Oliver Stritzel
4092,Joachim Bernhard
4093,Heinz Hoenig
4094,Ralf Richter
4095,Rachel Black
4096,Baktash Zaher
4097,John Speredakos
4098,Kandiss Edmundson
4099,Sandra Endo
4100,Joe Coots
4101,Lionel Pina
4102,Frank Hopf
4103,Craig M. Spitzer
4104,Dominic Carter
4105,Vincent DiMartino
4106,Ed Bogdanowicz
4107,Aaron Vexler
4108,Limary Agosto
4109,Michael Devine
4110,David Brown
4111,Anthony Mangano
4112,Jeff Ward
4113,Ed Onipede Blunt
4114,Frank Stellato
4115,Robert C. Kirk
4116,Ed Crescimanni
4117,Rozanne Sher
4118,Daryl Mitchell
4119,Ashlie Atkinson
4120,Bernie Rachelle
4121,Peter Kybart
4122,Kim Director
4123,Chiwetel Ejiofor
4124,Victor Colicchio
4125,Cassandra Freeman
4126,Al Palagonia
4127,Florina Petcu
4128,Peter Frechette
4129,Samantha Ivers
4130,Waris Ahluwalia
4131,Marcia Jean Kurtz
4132,Gerry Vichi
4133,Jason Manuel Olazabal
4134,Lemon Andersen
4135,Denzel Washington
4136,Shon Gables
4137,Carlos Andrés Gómez
4138,James Ransone
4139,Jack Warden
4140,Ed Begley
4141,Joseph Sweeney
4142,Lee J. Cobb
4143,John Fiedler
4144,John Savoca
4145,James Kelly
4146,Robert Webber
4147,George Voskovec
4148,Jack Klugman
4149,Billy Nelson
4150,Patrick Bauchau
4151,Rüdiger Vogler
4152,Vasco Sequeira
4153,Benito Stefanelli
4154,Marianne Koch
4155,Gian Maria Volonté
4156,Wolfgang Lukschy
4157,José Calvo
4158,Sieghardt Rupp
4159,Margarita Lozano
4160,Josef Egger
4161,Lena Olin
4162,John Wood
4163,Antonio Gil
4164,Hélène Cardona
4165,Michèle Gleizer
4166,Gaelan Connell
4167,Christianne Oliveira
4168,Ron Cook
4169,Victoire Thivisol
4170,Elisabeth Commelin
4171,Aurelien Parent Koenig
4172,Judi Dench
4173,Leslie Caron
4174,Perla Haney-Jardine
4175,Larry Bishop
4176,Christopher Allen Nelson
4177,Helen Kim
4178,Laura Cayouette
4179,Claire Smithies
4180,Carsten Norgaard
4181,Liz May Brice
4182,Tom Woodruff Jr.
4183,Ian Whyte
4184,Petr Jákl ml.
4185,Pavel Bezdek
4186,Carsten Voigt
4187,Jan Pavel Filipensky
4188,Eoin McCarthy
4189,Karima Adebibe
4190,Glenn Conroy
4191,Andy Lucas
4192,Adrian Bouchet
4193,Sam Troughton
4194,Agathe de La Boulaye
4195,Sanaa Lathan
4196,Raoul Bova
4197,Joseph Balderrama
4198,Kieran Bew
4199,Sandy Dennis
4200,Richard Burton
4201,George Segal
4202,Suzan Anbeh
4203,François Cluzet
4204,Adam Brooks
4205,Meg Ryan
4206,Timothy Hutton
4207,Kevin Kline
4208,Bruce Greenwood
4209,Clifton Collins Jr
4210,Kwesi Ameyaw
4211,Michael J. Burg
4212,David Wilson Barnes
4213,Kate Shindle
4214,Bronwen Coleman
4215,Craig Archibald
4216,Allie Mickelson
4217,Michael Nicolosi
4218,Gabrielle Anwar
4219,Sarah Trigger
4220,Treat Williams
4221,Bill Nunn
